seller_id,total_revenue,total_orders,avg_review,avg_delivery,revenue_score,review_score_n,delivery_score,composite_score,grade,seller_short
7c67e1448b00f6e969d365cea6b010ab,510915.44,973,3.4006920415224915,22.041265474552958,100.0,47.92950832863926,44.53209195667591,68.1,B,7c67e144
da8622b14eb17ae2831f4ac5b9dab84a,276093.09,1311,4.075151515151515,10.646739130434783,53.999800893729365,69.88865398167724,78.45355062658116,65.2,B,da8622b1
1025f0e2d44d7041d6cf58b6550e0bfa,310186.7,910,3.8798076923076925,11.51907356948229,60.67852141693143,63.52862254025046,75.85661454281322,64.9,B,1025f0e2
53243585a1d6dc2643021fd1853d8905,279843.42,348,4.12,12.850117096018735,54.734466596181534,71.34883720930233,71.89410336773855,64.8,B,53243585
1f50f920176fa81dab994f9023523100,291526.94,1399,3.9880179730404395,15.1730482347091,57.023193568985,67.05174795945616,64.97874679788902,62.6,B,1f50f920
4869f7a5dfa277a7dca6462dcf3b52b2,261532.48,1124,4.123076923076923,14.744482173174873,51.14747035914117,71.44901610017888,66.25458622329538,62.3,B,4869f7a5
fa1c13f2614d7b5c4749cbc52fecda94,203262.0,578,4.3762541806020065,12.827242524916944,39.73265536381402,79.69199657773974,71.96220087304835,62.2,B,fa1c13f2
955fee9216a65b617aa5c0531780ce60,232228.24,1261,4.091823056300268,10.294078509647372,45.406956840483595,70.4314483446599,79.50341986302541,62.2,B,955fee92
4a3ca9315b744ce9f8e9374361493884,300724.29,1772,3.8246536072623027,13.800094517958412,58.82489571211599,61.73290814342381,69.06602443909539,62.0,B,4a3ca931
7e93a43ef30c4f03f38b393420bc753a,174053.79,319,4.363363363363363,10.874251497005988,34.010953509038416,79.2722955513653,77.77624723489421,60.9,B,7e93a43e
7a67c85e85bb2ce8582c35f2203ad736,167205.0,1145,4.257985257985258,10.561432058584215,32.66931927517169,75.84138049254328,78.70750943317285,59.1,C,7a67c85e
41c2bad7229b0c25e6becf179ebf63ff,1225.5400000000002,20,4.956521739130435,4.304347826086956,0.15500278208112522,98.58442871587462,97.33482379243397,59.0,C,41c2bad7
334cab711dee080b079fa5779b584783,6121.27,11,4.933333333333334,6.2,1.114045031554152,97.82945736434108,91.6914749661705,57.9,C,334cab71
d4910f1cdcfdabd48d6b316e395d4a23,1590.3,11,4.916666666666667,5.666666666666667,0.22645693721586121,97.28682170542636,93.27920613441587,57.7,C,d4910f1c
d13e50eaa47b4cbe9eb81465865d8cfc,8241.65,66,4.814285714285714,4.585714285714285,1.5294139356680665,93.95348837209302,96.49719698434177,57.5,C,d13e50ea
2f4b0d3b9634b647d4edee577d7ebb7e,460.89,10,4.909090909090909,6.2727272727272725,0.00521272910443943,97.04016913319239,91.47496617050068,57.1,C,2f4b0d3b
30a81d8cf85fb2ada1b1b094c9583a95,1771.1,17,4.7727272727272725,3.409090909090909,0.26187450287097763,92.60042283298097,100.0,57.1,C,30a81d8c
e627629ba868740e287800f1a9be81c2,598.59,11,4.909090909090909,6.545454545454546,0.03218727993800987,97.04016913319239,90.66305818673884,57.0,C,e627629b
5a6a02f419701fc8c605af71d4fc57a4,824.59,10,4.818181818181818,4.636363636363637,0.07645923700690542,94.08033826638477,96.34641407307171,56.9,C,5a6a02f4
788e857f317e53de488d393e65a80f45,1394.95,11,4.909090909090909,6.909090909090909,0.18818911945741545,97.04016913319239,89.58051420838972,56.8,C,788e857f
54583ab379489add547fe47b628db589,2391.08,10,4.8,4.6,0.3833246265151098,93.48837209302326,96.45466847090663,56.8,C,54583ab3
46dc3b2cc0980fb8ec44634e21d2718e,142785.95,503,4.261278195488722,11.278293135435993,27.885783287281363,75.94859241126072,76.57341691751125,56.8,C,46dc3b2c
1690cada046eb7e92c12f98b1f8a8167,1992.91,10,4.9,6.8,0.3053256656915605,96.74418604651164,89.90527740189445,56.8,C,1690cada
6560211a19b47992c3666cc44a7e94c0,176467.46,1819,3.94990366088632,9.110845676063068,34.48377605159806,65.81081686606622,83.02589920522496,56.7,C,6560211a
2addf05f476d0637864454e93ba673d5,4877.64,12,5.0,10.0,0.8704258546975565,100.0,80.37889039242219,56.4,C,2addf05f
aac51c486b672a9850d59f3e84b1cf88,1110.73,10,4.769230769230769,4.538461538461538,0.13251223610289556,92.4865831842576,96.6378682210888,56.4,C,aac51c48
620c87c171fb2a6dd6e8bb4dec959fc6,142929.31,722,4.277289836888332,12.435802469135803,27.913866595977805,76.46990166613172,73.12751633004225,56.4,C,620c87c1
6061155addc1e54b4cfb51c1c2a32ad8,17853.670000000002,28,4.714285714285714,5.628571428571429,3.412347284275879,90.69767441860466,93.39261550357627,56.3,C,6061155a
9d681c7e12db302cb261e721040dde65,1151.1200000000001,13,4.928571428571429,8.5,0.14042437922684553,97.67441860465117,84.84438430311232,56.1,C,9d681c7e
d9bd94811c3338dceb4181f3dbc0c73e,9458.71,54,4.82258064516129,7.193548387096774,1.7678282191648365,94.22355588897223,88.73368545113274,56.1,C,d9bd9481
f44b6f775a2b390380e0e30b5c9d3eee,3357.46,10,4.9,8.3,0.5726322985161686,96.74418604651164,85.43978349120432,56.0,C,f44b6f77
42fa4ee7240e9b8eb4576358ec142ba7,4478.08,22,4.809523809523809,6.454545454545454,0.7921546017486718,93.79844961240309,90.93369418132612,56.0,C,42fa4ee7
5f26c1408a65b42a7224cd463bdf3292,1357.09,10,4.8,6.1,0.18077258718029868,93.48837209302326,91.98917456021651,55.9,C,5f26c140
cac63f48c38cd7d002a7e846dcd99a23,1183.01,10,4.818181818181818,6.363636363636363,0.14667142662032817,94.08033826638477,91.2043301759134,55.9,C,cac63f48
e882b2a25a10b9c057cc49695f222c19,55918.57,57,4.6,8.966666666666667,10.869018163177659,86.97674418604649,83.4551195308976,55.8,C,e882b2a2
b494891378bd8f4560abe576c52deacd,3687.14,19,4.714285714285714,4.666666666666667,0.6372145056244582,90.69767441860466,96.25620207487596,55.8,C,b4948913
48efc9d94a9834137efd9ea76b065a38,731.36,33,5.0,10.588235294117647,0.058196075247909256,100.0,78.62771630979861,55.7,C,48efc9d9
d566c37fa119d5e66c4e9052e83ee4ea,7195.75,65,4.71830985915493,5.342465753424658,1.3245288033744478,90.82869308876515,94.24435093703079,55.7,C,d566c37f
ffad1e7127fb622cb64a900751590acd,1740.3700000000001,10,4.866666666666666,8.0,0.25585469207129996,95.65891472868215,86.33288227334236,55.6,C,ffad1e71
a1043bafd471dff536d0c462352beb48,150330.84,702,4.2043147208121825,13.229113924050633,29.363779066792596,74.09396765435012,70.76583134924033,55.5,C,a1043baf
d4f117125b59ce73c3302f88ee40c458,998.61,17,4.842105263157895,7.684210526315789,0.11054864394995499,94.859241126071,87.27298625454029,55.4,C,d4f11712
b1fecf4da1fa2689bccffa0121953643,4479.34,19,4.966666666666667,11.133333333333333,0.7924014277040118,98.91472868217055,77.00496165990077,55.3,C,b1fecf4d
8bdd8e3fd58bafa48af76b2c5fd71974,2314.2200000000003,10,4.909090909090909,9.5,0.3682682432393784,97.04016913319239,81.86738836265224,55.3,C,8bdd8e3f
671585f5a2af58b6e276bc01003c0d2b,1692.1100000000001,27,4.703703703703703,5.148148148148148,0.24640086619455265,90.35314384151592,94.82283365909889,55.2,C,671585f5
5a413ade68e8f8d93071a7f52a64cb9e,932.67,14,4.642857142857143,3.7142857142857144,0.09763141895383563,88.37209302325583,99.09143630388556,55.2,C,5a413ade
0eaa7e33d73809f1f925f7d07c506cbd,1746.9,15,4.714285714285714,5.466666666666667,0.2571338773795296,90.69767441860466,93.87460532250789,55.2,C,0eaa7e33
bbaff50f3b708fda865918715276cd87,1409.71,12,4.823529411764706,7.882352941176471,0.1910805092199681,94.25444596443228,86.68311708986707,55.1,C,bbaff50f
5b2e94f2c22b39ccc24d34ad0f669672,1446.94,10,4.9,9.7,0.19837362851941492,96.74418604651164,81.27198917456022,55.0,C,5b2e94f2
b410bdd36d5db7a65dcd42b7ead933b8,8319.710000000001,42,4.813953488372093,8.837209302325581,1.5447053912822173,93.94267171444022,83.84051357900368,55.0,C,b410bdd3
257e61d3251fb5efb9daadddbc2cf7ca,8806.18,12,4.75,7.666666666666667,1.6400017583410913,91.86046511627907,87.32521425349572,54.9,C,257e61d3
cc419e0650a3c5ba77189a1882b7556a,139936.0,1651,4.12527352297593,11.135371179039302,27.327496278217208,71.52053330619307,76.99889500150681,54.9,C,cc419e06
edb1ef5e36e0c8cd84eb3c9b003e486d,86222.81,165,4.446927374301676,11.240223463687151,16.80542529718433,81.99298427958946,76.6867501757622,54.9,C,edb1ef5e
da6a60cc8cc724fe51be021ff8be779c,1115.4,12,4.769230769230769,7.230769230769231,0.13342705928657583,92.4865831842576,88.62287915061934,54.8,C,da6a60cc
bc2ac6b95e1accce9858528ee566c17e,3075.39,18,4.666666666666667,5.125,0.5173765864346492,89.14728682170544,94.89174560216509,54.8,C,bc2ac6b9
985c92cc412091f8529c12d7f23d3fef,1606.63,12,4.75,7.0,0.22965587995451195,91.86046511627907,89.30987821380243,54.7,C,985c92cc
02f5837340d7eb4f653d676c7256523a,4463.88,30,4.833333333333333,9.166666666666666,0.7893729124107147,94.5736434108527,82.85972034280559,54.7,C,02f58373
768a86e36ad6aae3d03ee3c6433d61df,800.66,17,4.647058823529412,4.588235294117647,0.07177150279160156,88.50889192886457,96.4896919525591,54.7,C,768a86e3
289cdb325fb7e7f891c38608bf9e0962,20058.26,109,4.592,6.192,3.8442123897383405,86.71627906976744,91.71529093369418,54.6,C,289cdb32
3fac58ce0ad699020c7944d53c41329c,3262.84,10,4.5625,3.5,0.5540968446318373,85.75581395348837,99.72936400541272,54.5,C,3fac58ce
26785a546900236d66f2e4197c211158,1244.65,15,4.666666666666667,5.4,0.15874630907044643,89.14728682170544,94.07307171853857,54.5,C,26785a54
960945e1a9535cbc0cd6ddd35fbe7ae8,4047.0499999999997,28,4.655172413793103,5.586206896551724,0.7077185767247511,88.7730553327987,93.51873454341842,54.5,C,960945e1
18e694e0e48ed6f7aa3f24aade5fd697,1494.25,31,4.648648648648648,5.243243243243243,0.2076413554615806,88.56065367693273,94.53973594704311,54.4,C,18e694e0
7ade73f1b9b4e965f9009a4c3a7e2c15,2422.71,26,4.8,8.9,0.3895207415686017,93.48837209302326,83.65358592692829,54.3,C,7ade73f1
a2b5b6105ea5942300631d2e76f4ffe0,4009.34,16,4.75,7.9375,0.700331428489937,91.86046511627907,86.51894451962112,54.3,C,a2b5b610
638cba8be1fb599bbb76fd6948351eb3,1340.2,16,4.75,7.833333333333333,0.17746394401705248,91.86046511627907,86.82904826341904,54.2,C,638cba8b
7238a95bb63ef7e498389fb863b834a1,2835.11,15,4.733333333333333,7.6,0.4703072685385686,91.31782945736434,87.52368064952638,54.2,C,7238a95b
c3cfdc648177fdbbbb35635a37472c53,59959.46,278,4.462962962962963,9.221538461538461,11.660602714505664,82.51507321274762,82.6963672322265,54.2,C,c3cfdc64
c70c1b0d8ca86052f45a432a38b73958,64191.119999999995,260,4.335243553008596,7.15625,12.489557890833817,78.35676684214035,88.84472259810555,54.1,C,c70c1b0d
fe2032dab1a61af8794248c8196565c9,77181.83,293,4.392156862745098,10.5,15.034355038685465,80.20975832193344,78.89039242219215,53.9,C,fe2032da
080199a181c46c657dc5aa235411be3b,17035.9,79,4.614457831325301,7.595238095238095,3.2521513624518485,87.44746427570746,87.53785682067144,53.8,C,080199a1
0a85ebe4e328db81ac9109781205e2f7,926.42,12,4.583333333333333,4.75,0.09640708385790378,86.43410852713177,96.00811907983761,53.8,C,0a85ebe4
7ff588a03c2aeae4fbd23f9ae64b760d,2063.42,14,4.555555555555555,4.555555555555555,0.31913812450982526,85.5297157622739,96.58697940159375,53.7,C,7ff588a0
b080809eaacb49e5ca07290981472431,567.4,11,4.818181818181818,10.0,0.02607735807527158,94.08033826638477,80.37889039242219,53.7,C,b080809e
77e4abfd739aed9c46480f90f81c0eb4,4269.51,18,4.777777777777778,9.61111111111111,0.7512970703953111,92.76485788113695,81.53661103593444,53.7,C,77e4abfd
5bffbafbb22daf6d3bfc216a46db8708,6187.54,21,4.695652173913044,8.08695652173913,1.1270269014433363,90.09100101112236,86.07401306112844,53.7,C,5bffbafb
f0e103c63864d5405b958d984b6e94c9,1101.4099999999999,11,4.7272727272727275,8.181818181818182,0.13068650760784198,91.12050739957718,85.7916102841678,53.7,C,f0e103c6
26d6bbee02420494d471c9f6436929c0,772.8,12,4.6923076923076925,7.538461538461538,0.06631390666797576,89.98211091234347,87.70688039970855,53.6,C,26d6bbee
b4f8921fcc4ff77b66bea6dda43dcd51,13814.68,18,4.6,7.1,2.6211349308170355,86.97674418604649,89.01217861975643,53.6,C,b4f8921f
d9a84e1403de8da0c3aa531d6d108ba6,2989.42,53,4.666666666666667,7.378787878787879,0.5005356123230876,89.14728682170544,88.18222823635544,53.5,C,d9a84e14
89a51f50b8095ea78d5768f34c13a76f,959.16,10,4.666666666666667,7.166666666666667,0.10282064082443318,89.14728682170544,88.81371222372576,53.5,C,89a51f50
3d871de0142ce09b7081e2b9d1733cb1,130211.88,1064,4.15391156462585,12.892255892255893,25.422603255328756,72.45293466223698,71.76865634240465,53.5,C,3d871de0
cfd7ddab722b902f7ac5b5f3ba6d723d,5192.55,12,4.571428571428571,5.571428571428571,0.93211471310714,86.04651162790697,93.56272955731684,53.5,C,cfd7ddab
7b0df942f46435babab05d49b744b2c4,23272.78,32,4.586956521739131,8.333333333333334,4.4739163341503145,86.55207280080892,85.340550293189,53.5,C,7b0df942
2646baaf662d4d92ac48f047e35db92d,2512.25,15,4.555555555555555,5.111111111111111,0.4070610558869597,85.5297157622739,94.93309276800481,53.4,C,2646baaf
33cbbec1e7e1044aaf11d152172c776f,1199.2,15,4.6875,7.6875,0.14984294425283004,89.82558139534885,87.26319350473614,53.4,C,33cbbec1
c2d70ce2c5d0a2eb75e78668236e6dc8,2942.36,13,4.666666666666667,7.6,0.49131685878475906,89.14728682170544,87.52368064952638,53.4,C,c2d70ce2
82cb9f452fe8334df74b22d37824b431,1744.66,14,4.722222222222222,8.666666666666666,0.2566950756811476,90.95607235142118,84.34821831303563,53.4,C,82cb9f45
60562ab00b8054280520d390c8c0045c,3247.09,17,4.764705882352941,9.764705882352942,0.551011520190089,92.33926128590971,81.07936002547163,53.4,C,60562ab0
79ed755314cfe6df0daef2c6cd3022cd,5100.78,23,4.708333333333333,8.73076923076923,0.9141375560265536,90.50387596899225,84.15738523992923,53.4,C,79ed7553
ac3508719a1d8f5b7614b798f70af136,15559.69,101,4.650485436893204,8.932692307692308,2.9629712485373605,88.62045608489501,83.55626105964402,53.3,C,ac350871
980640c45d7a4635885491d077167e4d,1246.66,14,4.642857142857143,7.142857142857143,0.1591400552372981,88.37209302325583,88.884593079451,53.2,C,980640c4
2d518637f53161b973e01f56ea4bb88e,1539.7,13,4.923076923076923,13.307692307692308,0.216544720279197,97.49552772808588,70.53190382013115,53.2,C,2d518637
2953ce3a88f5e3c3b696d77fc9e4c8eb,698.0,14,4.666666666666667,7.533333333333333,0.051661064239863434,89.14728682170544,87.72214704555707,53.2,C,2953ce3a
83e197e95a1bbabc8c75e883ed016c47,10500.36,46,4.7272727272727275,10.272727272727273,1.971880803593222,91.12050739957718,79.56698240866035,53.2,C,83e197e9
59cea8e446d3834393058e7e0666b6fb,901.14,10,4.636363636363637,7.0,0.09145489326187867,88.16067653276957,89.30987821380243,53.2,C,59cea8e4
f4a04f7be452aa3bb31760bf00055dd0,1553.9499999999998,18,4.684210526315789,8.263157894736842,0.21933620429792156,89.71848225214198,85.54946228901076,53.1,C,f4a04f7b
ce616e1913288884e7742faac9d981db,1311.65,14,4.636363636363637,7.090909090909091,0.17187118129883583,88.16067653276957,89.03924221921515,53.1,C,ce616e19
d4e12e7884759a14fa0f5f896c791cae,2220.75,29,4.647058823529412,7.5588235294117645,0.3499580670126984,88.50889192886457,87.64626283531004,53.1,C,d4e12e78
caa9bc43a9fe8cf9c564ddd8a03cc4a6,1232.7,13,4.6923076923076925,8.642857142857142,0.15640538036702473,89.98211091234347,84.41909916876088,52.9,C,caa9bc43
d1b65fc7debc3361ea86b5f14c68d2e2,13309.34,39,4.642857142857143,9.142857142857142,2.5221420512365236,88.37209302325583,82.93060119853084,52.9,C,d1b65fc7
f1fd5ab1181f827ffad998c1a5de7d74,7877.96,15,4.666666666666667,9.0,1.4581693867017542,89.14728682170544,83.35588633288228,52.9,C,f1fd5ab1
c3e1abd72a42fe690fcd89cf5720fe29,1967.58,13,4.461538461538462,3.923076923076923,0.3003636804147679,82.46869409660108,98.46986572291038,52.8,C,c3e1abd7
516e7738bd8f735ac19a010ee5450d8d,9062.68,74,4.619047619047619,8.285714285714286,1.6902484706781344,87.5968992248062,85.48231200463948,52.8,C,516e7738
1660ad786c27fd935378b6192a90b417,2246.58,12,4.642857142857143,8.142857142857142,0.3550179990971655,88.37209302325583,85.90759713899092,52.7,C,1660ad78
9dd59e43f0c9f0553244e8f9c2fb247e,508.12,10,4.833333333333333,12.0,0.014464784557377208,94.5736434108527,74.42489851150204,52.7,C,9dd59e43
f8db351d8c4c4c22c6835c19a46f01b0,75953.76,659,4.258666666666667,9.428950863213812,14.793783966483701,75.86356589147286,82.0789013544379,52.7,C,f8db351d
8581055ce74af1daba164fdbd55a40de,94210.75,380,4.27069351230425,12.306487695749441,18.370211742975982,76.25513760990582,73.51248588545498,52.6,C,8581055c
3ca08eeb8d5595949fed424bd3677742,2137.98,13,4.714285714285714,9.785714285714286,0.3337439524702538,90.69767441860466,81.01681809394935,52.6,C,3ca08eeb
5dceca129747e92ff8ef7a997dc4f8ca,131860.42,322,4.0,11.179558011049723,25.745541715976362,67.44186046511628,76.86735098199,52.6,C,5dceca12
3785b653b1b82de85ab47dd139938091,3192.0299999999997,21,4.75,10.65625,0.5402256177289677,91.86046511627907,78.42523680649526,52.6,C,3785b653
63a79f5a7eb5cb48a7e5787b141c7993,1114.21,11,4.545454545454546,5.909090909090909,0.1331939458843104,85.20084566596195,92.5575101488498,52.6,C,63a79f5a
0432ead42b6c8a0bdf68154add917fdf,10210.48,82,4.576086956521739,8.08695652173913,1.9150951623758259,86.19817997977755,86.07401306112844,52.5,C,0432ead4
b6d44737c043328708f6749c2dbe50bd,14207.26,61,4.5476190476190474,7.892857142857143,2.6980388463307836,85.27131782945736,86.65184612410593,52.5,C,b6d44737
9d4db00d65d7760644ac0c14edb5fd86,11846.18,97,4.541284403669724,7.5,2.235518349002341,85.06507360785149,87.82138024357239,52.5,C,9d4db00d
5f3ae9136c875522250f8184f253413a,1946.11,42,4.586956521739131,7.217391304347826,0.2961578444932228,86.55207280080892,88.66270518326763,52.5,C,5f3ae913
31561f325664a8a7aba4c8d0c3a9b3db,3646.74,36,4.564102564102564,6.82051282051282,0.6293004035643548,85.80799045915325,89.8442108185004,52.5,C,31561f32
d921b68bf747894be13a97ae52b0f386,17689.77,77,4.585365853658536,9.402439024390244,3.3802403207201617,86.50028360748723,82.1578269909898,52.4,C,d921b68b
06bb3a2fe5e7b7a845b13e8fb91bd944,2028.66,17,4.631578947368421,8.263157894736842,0.3123288624402907,88.00489596083231,85.54946228901076,52.4,C,06bb3a2f
42ef3192a9ff87a22d1867b74b3ee205,1655.97,23,4.666666666666667,9.083333333333334,0.23932127093583633,89.14728682170544,83.10780333784393,52.4,C,42ef3192
41da412d33e8da4f22baf55cb1bde82c,2294.82,15,4.6521739130434785,8.73913043478261,0.3644679071016059,88.67542972699697,84.13249396952403,52.4,C,41da412d
6b15924333bd1a741595fe981ea04822,885.28,21,4.608695652173913,7.782608695652174,0.088348020522442,87.25985844287159,86.98005530387715,52.3,C,6b159243
1c40343cc5d18c2d8248ac2f3366de34,3368.2,21,4.545454545454546,6.863636363636363,0.5747361959450179,85.20084566596195,89.71583220568336,52.3,C,1c40343c
5b07547f10dd980738a1a27f685af669,1491.05,13,4.5,5.785714285714286,0.20701449589246348,83.72093023255813,92.92480185578968,52.2,C,5b07547f
c5f7e746b7e6d07def6c0dae9903279b,1859.54,10,4.454545454545454,4.7272727272727275,0.2791993342124517,82.24101479915433,96.07577807848443,52.2,C,c5f7e746
1771297ac436903d1dd6b0e9279aa505,4554.110000000001,28,4.628571428571429,8.972222222222221,0.8070483933236637,87.90697674418607,83.43858066456173,52.2,C,1771297a
116ccb1a1604bc88e4d234a8c23f33de,3812.41,61,4.602739726027397,8.315068493150685,0.6617540988192395,87.06594456833385,85.39492464826589,52.2,C,116ccb1a
7f7b8245c336066a1f9933c359f11d77,3249.67,38,4.558139534883721,7.395348837209302,0.5515169257176896,85.61384532179557,88.13292633036473,52.1,C,7f7b8245
013900e863eace745d3ec7614cab5b1a,2659.19,23,4.7407407407407405,11.222222222222221,0.4358456637263557,91.55900086132644,76.74033979852655,52.1,C,013900e8
128f9bfbe4c7d5185033914b1de3d39a,1719.6399999999999,13,4.823529411764706,12.941176470588236,0.2517938174251132,94.25444596443228,71.6230199793043,52.1,C,128f9bfb
df91910b6a03bb2e3358fa6a35e32f6f,2516.62,13,4.642857142857143,9.214285714285714,0.4079171109860353,88.37209302325583,82.71795863135512,52.1,C,df91910b
7c5b05cbdb5542049f38d90d7815b97d,1628.34,21,4.565217391304348,7.3478260869565215,0.23390873034374082,85.8442871587462,88.27440136494675,52.1,C,7c5b05cb
989becdce12ebc39863c2bceab6f3ca1,7117.42,15,4.8,13.2,1.3091844564841533,93.48837209302326,70.85250338294993,52.1,C,989becdc
6e386f64c84e482f0b9abf960797ee1b,12820.81,29,4.607142857142857,9.862068965517242,2.42644214333003,87.20930232558139,80.78951052214083,52.0,C,6e386f64
ade45994b717ccee333492330fbf037b,7479.63,10,4.538461538461538,7.615384615384615,1.380139082899749,84.9731663685152,87.47788071198084,52.0,C,ade45994
33a17d60c64393351ebf1ef860f4e0f2,11107.98,43,4.625,10.145833333333334,2.0909096821516386,87.79069767441861,79.9447451511051,51.9,C,33a17d60
02f623a8eb246f3c5f7c2f96462654e6,7207.63,44,4.545454545454546,8.0,1.3268560195247951,85.20084566596195,86.33288227334236,51.9,C,02f623a8
8a2d12a90e92f012ce5226fc6592b653,2148.55,18,4.611111111111111,8.789473684210526,0.3358145479844937,87.33850129198964,83.98262232034756,51.9,C,8a2d12a9
7299e27ed73d2ad986de7f7c77d919fa,46525.39,335,4.442934782608695,10.8125,9.028954173352844,81.86299292214356,77.96008119079838,51.9,C,7299e27e
325f3178fb58e2a9778334621eecdbf9,2547.09,36,4.468085106382978,5.787234042553192,0.41388598944572225,82.68184067293417,92.92027754584977,51.8,C,325f3178
2b3e4a2a3ea8e01938cabda2a3e5cc79,32329.82,52,4.385964912280702,7.9298245614035086,6.248132644111686,80.00815993472054,86.54179426916411,51.8,C,2b3e4a2a
52562a9f449c3dc3d53f5f5b9ed74903,3710.64,14,4.785714285714286,12.928571428571429,0.641818005585162,93.02325581395348,71.66054513821767,51.8,C,52562a9f
9b00ed88b7fdb95d6ff76e27c1b52d16,2593.11,46,4.588235294117647,8.470588235294118,0.42290101362408755,86.59370725034199,84.93194300724349,51.8,C,9b00ed88
db46ca7bce82b11f7e247539271fc390,1342.98,16,4.5625,7.6875,0.17800852826772295,85.75581395348837,87.26319350473614,51.8,C,db46ca7b
3c010235b7345c92f125d14ee232a76b,4005.3199999999997,15,4.666666666666667,10.533333333333333,0.6995439361562334,89.14728682170544,78.79115922417682,51.7,C,3c010235
88cf19ec1fc2c58f161aee259d57142c,1756.28,14,4.466666666666667,5.866666666666666,0.25897135949150407,82.63565891472868,92.68380694632387,51.7,C,88cf19ec
6aa3928696eab49a19a466e665a649fd,3119.4,18,4.545454545454546,7.681818181818182,0.5259978644461629,85.20084566596195,87.28010825439783,51.7,C,6aa39286
e2c92f9c1c7746d899d18f2e158bbff7,1956.3,12,4.615384615384615,9.076923076923077,0.2981540004336301,87.47763864042932,83.12688664515457,51.7,C,e2c92f9c
2ff97219cb8622eaf3cd89b7d9c09824,6600.11,87,4.557894736842106,8.410526315789474,1.2078467303279126,85.60587515299879,85.11074709778507,51.7,C,2ff97219
f615fe7efbef0f4f08fd3086bc7a3e60,2960.55,22,4.521739130434782,7.217391304347826,0.4948801636479592,84.42871587462082,88.66270518326763,51.7,C,f615fe7e
acce39e832338debb07b02385cde5967,5974.26,44,4.4772727272727275,6.636363636363637,1.0852467111616815,82.98097251585624,90.39242219215156,51.7,C,acce39e8
d66c11a9572221d92fbb8c4897db5f9b,1164.38,16,4.5625,7.9375,0.14302192856637455,85.75581395348837,86.51894451962112,51.7,C,d66c11a9
cc5a78bbad32776dc4e3af205218368c,9878.539999999999,33,4.473684210526316,7.184210526315789,1.850070235696847,82.86413708690331,88.76148422477031,51.6,C,cc5a78bb
10076e5788b8ee532724bcd460baf762,1576.94,23,4.62962962962963,9.592592592592593,0.22383979851479732,87.94142980189493,81.59174059038742,51.6,C,10076e57
8daab2245ebdc277c51098d01c5ad8ef,1888.64,16,4.625,9.5625,0.2848998384191104,87.79069767441861,81.68132611637348,51.6,C,8daab224
c003204e1ab016dfa150abc119207b24,31429.08,195,4.434146341463415,9.146341463414634,6.0716834290221415,81.57685762904143,82.92022839037593,51.6,C,c003204e
37be5a7c751166fbc5f8ccba4119e043,65393.56,269,4.275862068965517,10.290102389078498,12.725108209674183,76.42341619887729,79.51525675781774,51.6,C,37be5a7c
594f9aaa48e5bf431f011ddc5669b0d5,4548.03,37,4.523809523809524,7.690476190476191,0.8058573601423411,84.49612403100775,87.25433339777048,51.6,C,594f9aaa
679769a98cfcc6da877c8486ff1c13f3,7467.39,21,4.571428571428571,9.095238095238095,1.3777413450478762,86.04651162790697,83.07236290998131,51.6,C,679769a9
ed4311e67debd72b8610a5347a743087,4496.15,25,4.518518518518518,7.464285714285714,0.7956943993780299,84.32385874246337,87.92770152716025,51.6,C,ed4311e6
6df688df543f90e9b38f4319e75a9d88,4262.44,39,4.526315789473684,7.771929824561403,0.7499121025347929,84.57772337821297,87.01184625976308,51.5,C,6df688df
376a891762bbdecbc02b4b6adec3fdda,8138.85,57,4.683333333333334,11.85,1.5092760720101799,89.68992248062017,74.87144790257105,51.5,C,376a8917
5b925e1d006e9476d738aa200751b73b,9420.85,63,4.617647058823529,10.529411764705882,1.76041168688772,87.55129958960327,78.80283371806098,51.5,C,5b925e1d
cbf09e831b0c11f6f23ffb51004db972,1815.4,10,4.4,4.7,0.2705525900309426,80.46511627906978,96.15696887686062,51.5,C,cbf09e83
744dac408745240a2c2528fb1b6028f3,29140.469999999998,78,4.5,10.465116279069768,5.623359341998047,83.72093023255813,78.9942411177896,51.5,C,744dac40
f181738b150df1f37cb0bd72e705b193,6703.17,36,4.525,8.15,1.2280355263257905,84.53488372093024,85.88633288227334,51.5,C,f181738b
d8c7ba53e7e38711eaef8c2849d6d2e1,1821.13,22,4.521739130434782,7.521739130434782,0.27167506044689294,84.42871587462082,87.75666294051892,51.4,C,d8c7ba53
da7039f29f90ce5b4846ffc0fcc93beb,1873.76,17,4.555555555555555,8.38888888888889,0.2819849414227158,85.5297157622739,85.1751616298301,51.4,C,da7039f2
3a734b715d333a2588a3d54a0c9b8746,4826.18,15,4.666666666666667,11.19047619047619,0.860345169251692,89.14728682170544,76.8348476061602,51.4,C,3a734b71
87142160b41353c4e5fca2360caf6f92,49668.96,305,4.363636363636363,10.36827195467422,9.644759465755797,79.2811839323467,79.28254627837174,51.4,C,87142160
bf00385a5f7fc1ef39a13c2e9ee50a5f,1189.25,28,4.428571428571429,5.428571428571429,0.14789380278010653,81.39534883720931,93.98801469166828,51.4,C,bf00385a
5a425cc503b39b262a847fd6212bf53b,1591.8799999999999,14,4.461538461538462,6.285714285714286,0.22676644912811278,82.46869409660108,91.43630388555964,51.4,C,5a425cc5
725c32fa80c2faacc4fc88450d27314e,10048.14,89,4.537634408602151,9.052631578947368,1.8832937928600537,84.9462365591398,83.19920233601596,51.4,C,725c32fa
d25aa0aaacb370e912f8cf6efeba38b3,4760.15,17,4.545454545454546,8.409090909090908,0.8474103138301912,85.20084566596195,85.1150202976996,51.4,C,d25aa0aa
de0c78824586e9a5f5f04fd84e25df39,3479.9700000000003,14,4.4375,6.0,0.5966312253325864,81.68604651162791,92.28687415426252,51.4,C,de0c7882
6b90f847357d8981edd79a1eb1bf0acb,4306.84,45,4.372549019607843,4.882352941176471,0.7586097790562929,79.57136342909256,95.61410491124731,51.3,C,6b90f847
aba1721a889e04decc910aa13b768ef4,19491.71,83,4.462365591397849,8.763440860215054,3.733228861962311,82.49562390597647,84.06012193170079,51.3,C,aba1721a
9bcdfa7b615b3abb9461d9e3ad9886ae,3695.59,14,4.636363636363637,10.454545454545455,0.6388698066741583,88.16067653276957,79.02571041948579,51.3,C,9bcdfa7b
d06d019f72a04e5497a0b64190af170c,2641.44,17,4.529411764705882,8.0,0.4323685520539093,84.67852257181943,86.33288227334236,51.3,C,d06d019f
dbd66278cbfe1aa1000f90a217ca4695,8838.73,85,4.548387096774194,9.451612903225806,1.6463780955207044,85.29632408102027,82.01143655331965,51.2,C,dbd66278
cc3d14116804f7209f3884f6367f1152,7113.48,27,4.705882352941177,12.588235294117647,1.3084126356396777,90.42407660738715,72.67372442887846,51.2,C,cc3d1411
f7ba60f8c3f99e7ee4042fdef03b70c4,88320.55,218,4.220408163265306,12.661224489795918,17.21635916984674,74.61794019933554,72.4564358896468,51.2,C,f7ba60f8
5a93f3ab0ef4c84ed5e1b5dbf23978bc,3245.39,38,4.818181818181818,14.704545454545455,0.5506785010439954,94.08033826638477,66.37347767253044,51.1,C,5a93f3ab
f0837c8d71434931d9e38e7b79234797,5291.2300000000005,22,4.64,11.08,0.9514454950697889,88.27906976744185,77.1637347767253,51.1,C,f0837c8d
cd6efc47efaabf134f8bdb654e10b4f1,5137.69,31,4.5,8.09375,0.9213679893690886,83.72093023255813,86.05378890392421,51.1,C,cd6efc47
c72de06d72748d1a0dfb2125be43ba63,21371.82,21,4.454545454545454,9.136363636363637,4.101530407116298,82.24101479915433,82.94993234100136,51.1,C,c72de06d
4da0e408c99d2fdc2126dc9fce518060,6823.29,44,4.523809523809524,8.793650793650794,1.2515662674015238,84.49612403100775,83.97018708250101,51.1,C,4da0e408
080102cd0a76b09e0dcf55fcacc60e05,8368.74,122,4.538461538461538,9.223076923076922,1.554310055242783,84.9731663685152,82.69178723847195,51.1,C,080102cd
e9779976487b77c6d4ac45f75ec7afe9,65999.8,645,4.202937249666221,9.539893617021276,12.84386675504342,74.04911975657464,81.74862522672963,51.1,C,e9779976
718539d38d07dd351c76db862760e2e2,2620.94,35,4.5,7.886363636363637,0.42835273293925286,83.72093023255813,86.67117726657645,51.0,C,718539d3
eeb6de78f79159600292e314a77cbd18,47232.7,82,4.390804597701149,11.402298850574713,9.167511686425412,80.1657310879444,76.20425240694944,51.0,C,eeb6de78
c66dccfb3f109511246da627dd5a2498,13792.49,44,4.568181818181818,10.886363636363637,2.616788051492439,85.94080338266386,77.74018944519621,51.0,C,c66dccfb
ca4b77513ac2040591b0d8fae6958380,2150.86,14,4.466666666666667,7.133333333333334,0.33626706223595015,82.63565891472868,88.91294542174109,51.0,C,ca4b7751
2c4c47cb51acd5ea5db5e0ae0e26542a,4170.12,12,4.6,10.266666666666667,0.7318272039657644,86.97674418604649,79.58502480829951,51.0,C,2c4c47cb
834f3294fba9f932f56edc879193f925,44367.38,66,4.522388059701493,13.850746268656716,8.60621379249334,84.44984380423465,68.91523438288934,51.0,C,834f3294
59cd88080b93f3c18508673122d26169,732.21,10,4.769230769230769,13.692307692307692,0.05836258482095599,92.4865831842576,69.38690538149267,50.9,C,59cd8808
0ebd97a106433a45a4aebe57c1799778,4037.93,31,4.515151515151516,8.636363636363637,0.7059320269527675,84.21423537702609,84.4384303112314,50.9,C,0ebd97a1
e256a62e0ac58c0edfba09966142d561,2300.85,12,4.5,8.0,0.36564914560216094,83.72093023255813,86.33288227334236,50.9,C,e256a62e
b1aaae6b66ad3c40f54b389d7ea4bee0,2112.76,15,4.470588235294118,7.529411764705882,0.3288035154911496,82.76333789329685,87.73382153944122,50.8,C,b1aaae6b
6b333a05bf188ef3e1f1662a86bd9855,4606.26,12,4.642857142857143,11.642857142857142,0.817264245364119,88.37209302325583,75.48811134738064,50.8,C,6b333a05
730937bf88cb151eb2eb849f642fc213,4578.49,22,4.423076923076923,6.730769230769231,0.8118242796658746,81.21645796064402,90.11137712084938,50.8,C,730937bf
d66c305afaec317ebee552073a674429,6133.37,38,4.533333333333333,9.355555555555556,1.1164153442998759,84.8062015503876,82.29739888738536,50.8,C,d66c305a
17a053fcb14bd219540cbde0df490be0,71050.87,124,4.24,11.480263157894736,13.833339118724775,75.25581395348838,75.97215298055696,50.8,C,17a053fc
ce69a8021d18961dd2a40269b7c2c293,5546.0,19,4.523809523809524,9.142857142857142,1.001353311452278,84.49612403100775,82.93060119853084,50.8,C,ce69a802
bd4889b5e9133b35b66e42a8665cea5c,8817.86,36,4.54,9.882352941176471,1.6422897957683689,85.0232558139535,80.72912520894691,50.8,C,bd4889b5
3504c0cb71d7fa48d967e0e4c94d59d9,3050.26,53,4.431034482758621,6.793103448275862,0.5124537798809266,81.47554129911789,89.92580840838039,50.8,C,3504c0cb
f5a590cf36251cf1162ea35bef76fe84,59852.57,113,4.289256198347108,11.256198347107437,11.639663645961,76.85950413223141,76.63919301267069,50.7,C,f5a590cf
ba90964cff9b9e0e6f32b23b82465f7b,45523.5,38,4.4222222222222225,12.28888888888889,8.832690319070737,81.18863049095609,73.56487746203578,50.7,C,ba90964c
5cf13accae3222c70a9cac40818ae839,19420.26,148,4.4753086419753085,10.128834355828221,3.719232263145617,82.91702555268446,79.9953510381298,50.7,C,5cf13acc
0d33a55da925bbf1ff02af5f6059fc7f,1238.97,22,4.52,8.6,0.15763363333526356,84.3720930232558,84.54668470906631,50.7,C,0d33a55d
c864036feaab8c1659f65ea4faebe1da,12299.77,58,4.590163934426229,11.573770491803279,2.3243737339885375,86.65650019062141,75.69378202710797,50.7,C,c864036f
6edacfd9f9074789dad6d62ba7950b9c,18750.26,205,4.404347826086957,8.491304347826087,3.5879835408617238,80.6066734074823,84.8702712243337,50.7,C,6edacfd9
e7f3bf1ecd8526eb7f3b18059e6716e5,1854.36,17,4.5,8.45,0.2781846052849433,83.72093023255813,84.99323410013533,50.6,C,e7f3bf1e
0bb738e4d789e63e2267697c42d35a2d,2986.26,29,4.633333333333334,11.482758620689655,0.4999165884985845,88.06201550387598,75.9647239979469,50.6,C,0bb738e4
51e4e89242cbb846c2deff3dc015650e,1175.75,16,4.555555555555555,9.61111111111111,0.14524923897289374,85.5297157622739,81.53661103593444,50.6,C,51e4e892
00ee68308b45bc5e2660cd833c3f81cc,37223.17,135,4.292553191489362,8.518518518518519,7.20670866678018,76.96684809500248,84.78925474865935,50.6,C,00ee6830
a3dd39f583bc80bd8c5901c95878921e,6237.24,34,4.642857142857143,12.142857142857142,1.1367628141261865,88.37209302325583,73.9996133771506,50.6,C,a3dd39f5
2a84855fd20af891be03bc5924d2b453,19754.89,155,4.372670807453416,8.092592592592593,3.784784143649885,79.5753286147624,86.05723450107753,50.6,C,2a84855f
6cd68b3ed6d59aaa9fece558ad360c0a,15162.93,149,4.485207100591716,9.905325443786982,2.885248497711453,83.23930094949775,80.66073616193322,50.6,C,6cd68b3e
ccc4bbb5f32a6ab2b7066a4130f114e3,83833.02,184,4.3264248704663215,15.489690721649485,16.337280694159215,78.06964694541512,64.03610339969032,50.6,C,ccc4bbb5
e5e33c0d8e7e002f398f5dc4cbbb338f,7469.13,26,4.592592592592593,11.407407407407407,1.3780821999385835,86.7355727820844,76.1890442539969,50.5,C,e5e33c0d
0ff83046c3fa22efee8ecf291888b191,1190.2,10,4.714285714285714,13.214285714285714,0.14807990171468818,90.69767441860466,70.80997486951479,50.5,C,0ff83046
709e16e2b25c7474d980076c6bfc4806,10448.34,60,4.5058823529411764,9.870588235294118,1.9616904177227619,83.9124487004104,80.76414869059938,50.5,C,709e16e2
612170e34b97004b3ba37eae81836b4c,26144.2,107,4.444444444444445,10.606837606837606,5.036409179136014,81.91214470284238,78.57233730034812,50.5,C,612170e3
de722cd6dad950a92b7d4f82673f8833,85516.09,337,4.164490861618799,12.315104166666666,16.666983361344816,72.79737688991439,73.4868346865133,50.5,C,de722cd6
d1ef48b38baca7e831711c4a0aeb398f,2742.32,28,4.529411764705882,9.323529411764707,0.45213029997032606,84.67852257181943,82.3927405874393,50.5,C,d1ef48b3
850f4f8af5ea87287ac68de36e29107f,50078.75,186,4.267015706806283,9.917948717948718,9.725034710389705,76.13539510532082,80.6231567259984,50.5,C,850f4f8a
02ecc2a19303f05e59ce133fd923fff7,7844.22,21,4.56,10.64,1.4515599361198757,85.67441860465115,78.47361299052774,50.5,C,02ecc2a1
431050a06a317f2b38168dec3dcd2b46,1576.15,10,4.5,8.5,0.22368504255867155,83.72093023255813,84.84438430311232,50.5,C,431050a0
1e8b33f18b4f7598d87f5cbee2282cc2,26060.98,122,4.281879194630872,7.218543046357616,5.020106912466662,76.61932261588886,88.65927645198003,50.4,C,1e8b33f1
d23019c84ffae2d5ef2270367b8605fc,32096.18,39,4.410256410256411,10.717948717948717,6.202364059821522,80.799045915325,78.24155997363034,50.4,C,d23019c8
9f505651f4a6abe901a56cdc21508025,36382.15,393,4.2725274725274724,8.400871459694988,7.0419582183992855,76.31484794275491,85.13948956518406,50.4,C,9f505651
fde0cc9ea29c8ccfc0a2c22256a58c71,4921.27,35,4.447368421052632,8.105263157894736,0.8789726931352375,82.00734394124848,86.01951427960972,50.4,C,fde0cc9e
9c690ceacd5c66731bf443ea810195cb,1352.84,10,4.416666666666667,6.833333333333333,0.17994003931506503,81.00775193798451,89.80604420387911,50.4,C,9c690cea
aced59e9b31ef866a94f9e7f29d8d418,11387.35,61,4.5,9.987179487179487,2.145636481471716,83.72093023255813,80.41705700704348,50.4,C,aced59e9
b2c97074649f92197d9387d9033dda5f,1086.06,10,4.636363636363637,11.636363636363637,0.12767954061223338,88.16067653276957,75.50744248985116,50.4,C,b2c97074
43f8c9950d11ecd03a0304a49e010da6,4807.22,41,4.590909090909091,11.090909090909092,0.8566310263046732,86.68076109936574,77.13125845737483,50.4,C,43f8c995
7901646fdd36a55f564ffaf2dbccaaf7,16130.32,22,4.444444444444445,9.37037037037037,3.0747540222640146,81.91214470284238,82.25329524382299,50.4,C,7901646f
e49c26c3edfa46d227d5121a6b6e4d37,4887.1,34,4.585365853658536,11.170731707317072,0.872279008298759,86.50028360748723,76.89362685237137,50.3,C,e49c26c3
a5cba26a62b8b4d0145b68b841e62e7f,16463.17,53,4.581818181818182,12.745454545454546,3.139957212132961,86.38477801268499,72.20568335588634,50.3,C,a5cba26a
8ed8ea9a57c862f2c18c2fe41f601d56,4562.97,19,4.45,8.15,0.8087840107556566,82.09302325581396,85.88633288227334,50.3,C,8ed8ea9a
25e6ffe976bd75618accfe16cefcbd0d,18796.309999999998,106,4.422413793103448,9.405172413793103,3.5970044418485494,81.19486768243786,82.1496897018338,50.3,C,25e6ffe9
b1ac6ea7895bc3dd6f0f6f4abbdd2821,3734.36,38,4.526315789473684,9.710526315789474,0.6464646021412426,84.57772337821297,81.24065237518695,50.3,C,b1ac6ea7
7681ef142fd2c19048da7430856b5588,67645.01,58,4.157894736842105,10.128205128205128,13.166152889951904,72.58261933904528,79.99722424620936,50.3,C,7681ef14
66922902710d126a0e7d26b0e3805106,19009.68,150,4.484472049689441,10.851851851851851,3.6388022625555863,83.21536905965623,77.84293088758584,50.3,C,66922902
e9c6969d40e6a3d2d0f90013165c2b98,5481.98,10,4.454545454545454,8.636363636363637,0.9888122021976287,82.24101479915433,84.4384303112314,50.2,C,e9c6969d
08084d990eb3f53af056ccbc1730c8a7,795.98,12,4.454545454545454,8.0,0.0708547206717678,82.24101479915433,86.33288227334236,50.2,C,08084d99
729b2d09b2a0bdab221076327f13d050,4122.59,48,4.596774193548387,11.564516129032258,0.722516380428222,86.87171792948236,75.72133222750884,50.2,C,729b2d09
fa40cc5b934574b62717c68f3d678b6d,26394.01,304,4.425714285714286,10.746438746438747,5.085345363186371,81.30232558139537,78.15674527447193,50.2,C,fa40cc5b
659e8466eb3ff1b0e8740d74fb7bbedd,2941.46,11,4.5,9.285714285714286,0.4911405545309449,83.72093023255813,82.5053160641794,50.2,C,659e8466
2059c39f76271d4ca3f15b5ffaccc8b8,791.29,12,4.5,8.916666666666666,0.06993597961578053,83.72093023255813,83.60396932792062,50.2,C,2059c39f
b16d3dadc47d4eb18be3d88bad0775ce,1027.16,10,4.363636363636363,6.0,0.11614140666817167,79.2811839323467,92.28687415426252,50.2,C,b16d3dad
916c9de0b5ad957346eeeb12f332687e,9186.43,22,4.392857142857143,7.678571428571429,1.7144903055775849,80.23255813953489,87.28977382563309,50.2,C,916c9de0
8a130737016f838139d31878787a39c9,6079.07,56,4.461538461538462,8.794871794871796,1.10577832098642,82.46869409660108,83.9665521668228,50.2,C,8a130737
0241d4d5d36f10f80c644447315af0bd,42624.39,238,4.306818181818182,10.339622641509434,8.264773179876022,77.43128964059196,79.36783516736028,50.2,C,0241d4d5
f7496d659ca9fdaf323c0aae84176632,5987.5,25,4.607142857142857,12.25,1.0878403426289034,87.20930232558139,73.68064952638701,50.1,C,f7496d65
f52c2422904463fdd7741f99045fecb6,781.98,12,4.3076923076923075,5.0,0.06811221005688047,77.4597495527728,95.2638700947226,50.1,C,f52c2422
5670f4db5b62c43d542e1b2d56b0cf7c,7252.2,22,4.409090909090909,8.090909090909092,1.3355869979609043,80.76109936575054,86.06224627875507,50.1,C,5670f4db
a3a38f4affed601eb87a97788c949667,35856.67,251,4.416974169741698,11.868131868131869,6.939020041405641,81.01776366600876,74.81746940474952,50.1,C,a3a38f4a
e59aa562b9f8076dd550fcddf0e73491,38875.08,69,4.462264150943396,13.30188679245283,7.530307288911506,82.49232119350592,70.54918681543137,50.1,C,e59aa562
e0a366315b1b726b6c7832d664c0f530,11490.68,43,4.333333333333333,6.9411764705882355,2.1658781687457376,78.29457364341084,89.48499562206479,50.1,C,e0a36631
c68fb906c8f4b4b946d8386bfa6e5467,6429.11,45,4.54,10.784313725490197,1.1743489221032173,85.0232558139535,78.04399161559076,50.1,C,c68fb906
5f1dc28029d2c244352a68107ec2b542,6509.44,62,4.443037974683544,8.6875,1.19008505622421,81.86635266411538,84.28619756427605,50.1,C,5f1dc280
d03698c2efd04a549382afa6623e27fb,12762.4,18,4.642857142857143,13.928571428571429,2.4149999972574894,88.37209302325583,68.68354919775759,50.1,C,d03698c2
febab0275244b9a49a623f0bd613ca2f,13900.01,106,4.345864661654136,7.6992481203007515,2.637850533014774,78.70257037943698,87.22821939829277,50.0,C,febab027
25c5c91f63607446a97b143d2d535d31,161379.92,156,3.7262773722627736,13.501818181818182,31.528223294273978,58.52996095739263,69.95399188092017,50.0,C,25c5c91f
ba143b05f0110f0dc71ad71b4466ce92,7497.51,83,4.49438202247191,10.067415730337078,1.3836416607421909,83.53801933629475,80.17819403688556,50.0,C,ba143b05
808d4348b916efa08e766ebad39f61eb,981.54,20,4.428571428571429,7.809523809523809,0.10720473993594594,81.39534883720931,86.89992911914428,50.0,C,808d4348
e9511df20ccd82658a30c37b7fb343af,5357.44,22,4.466666666666667,9.133333333333333,0.9644156113420522,82.63565891472868,82.95895354082093,50.0,C,e9511df2
72bc2cce903c872fe376a8faaa81d237,2783.6,17,4.444444444444445,8.333333333333334,0.46021678841193664,81.91214470284238,85.340550293189,50.0,C,72bc2cce
7d13fca15225358621be4086e1eb0964,127843.43,558,4.013628620102215,15.36271186440678,24.95863902205519,67.8855829800721,64.41411894222611,50.0,C,7d13fca1
520b493b57809f446cb0a233bb3e25c7,6054.15,63,4.36,6.866666666666666,1.1008966520919206,79.16279069767442,89.70681100586378,50.0,C,520b493b
d650b663c3b5f6fb392b6326366efa9a,19458.39,57,4.389830508474576,9.423728813559322,3.7267016866988785,80.1340165549862,82.09444737506021,50.0,C,d650b663
c510bc1718f0f2961eaa42a23330681a,10851.45,12,4.3076923076923075,6.538461538461538,2.0406570930061356,77.4597495527728,90.68387634016862,49.9,C,c510bc17
42b729f859728f5079499127a9c2ef37,8956.42,103,4.358778625954199,7.466165413533835,1.6694328151111395,79.12302503106693,87.92210567012931,49.9,C,42b729f8
8ae520247981aa06bc94abddf5f46d34,17766.34,65,4.428571428571429,10.214285714285714,3.395239894847442,81.39534883720931,79.74096269089503,49.9,C,8ae52024
33a6f4b1e7cdc205511e76ba1b6e0186,17240.69,105,4.345864661654136,8.19548872180451,3.2922684159391897,78.70257037943698,85.7509131421246,49.9,C,33a6f4b1
7b07b3c7487f0ea825fc6df75abd658b,11334.81,91,4.408163265306122,8.948979591836734,2.1353442309212745,80.73089700996677,83.50777388086493,49.8,C,7b07b3c7
b2a6d334e2833acea353624840e25a0e,2356.3,25,4.518518518518518,10.185185185185185,0.37651144657326835,84.32385874246337,79.82759484789256,49.8,C,b2a6d334
5160d23075764e18e07c1f4a87fad743,4040.33,33,4.447368421052632,8.921052631578947,0.7064021716296054,82.00734394124848,83.59091232818176,49.8,C,5160d230
d57e18d5f73c7ccb7f7339b61166898d,4361.3,61,4.415384615384616,8.492307692307692,0.7692781453482045,80.96601073345259,84.86728427188508,49.7,C,d57e18d5
6bbcb8924baf70b7fe2fe2097e8cd407,2772.43,10,4.545454545454546,11.0,0.4580286567284872,85.20084566596195,77.40189445196211,49.7,C,6bbcb892
5b85809efd0d0e4dea1a9544e1280ed9,2625.84,12,4.357142857142857,6.928571428571429,0.42931261165446355,79.06976744186045,89.52252078097816,49.7,C,5b85809e
6338ea67c41078a46ad99cc009654956,4095.72,37,4.609756097560975,12.659090909090908,0.7172527189837917,87.29438457175269,72.46278755074425,49.7,C,6338ea67
12b9676b00f60f3b700e83af21824c0e,30147.27,133,4.543478260869565,14.568345323741006,5.820585033931517,85.13650151668352,66.77894490902543,49.7,C,12b9676b
1bb2bdb95f4841f1bba2c0d2cd83d3c9,6339.4,79,4.569767441860465,12.0,1.15677530587025,85.99242833964306,74.42489851150204,49.7,C,1bb2bdb9
20d83f3ef0e6925fd74bfd59170babf7,8029.99,40,4.385964912280702,8.210526315789474,1.487951093043277,80.00815993472054,85.70614628587708,49.7,C,20d83f3e
4371b634e0efc0e22b09b52907d9d469,13168.13,101,4.441441441441442,10.232142857142858,2.4944799138130778,81.81437251204694,79.6878020491011,49.7,C,4371b634
cac876b37d3abcd6bd76caca30277996,4649.63,27,4.5588235294117645,11.628571428571428,0.8257601514618093,85.63611491108071,75.53063986081577,49.7,C,cac876b3
bccf933e006e9b94a6184af782963e77,5380.55,45,4.533333333333333,11.130434782608695,0.96894271279277,84.8062015503876,77.01359063364123,49.7,C,bccf933e
7d456afc660226829370f3173d14520c,25016.39,55,4.297872340425532,8.553191489361701,4.815478400809151,77.14002968827313,84.68603345521551,49.7,C,7d456afc
f67efa3f0b6761102a7f8c6b7b571f5d,6382.76,31,4.4375,9.1875,1.165269253031787,81.68604651162791,82.79769959404601,49.7,C,f67efa3f
0885aaf116795758dfeb5f1032487bcd,4154.57,27,4.266666666666667,5.166666666666667,0.7287810582470859,76.12403100775194,94.76770410464592,49.7,C,0885aaf1
ea00f977a203ff88adf7057cb7806998,558.02,18,4.277777777777778,4.888888888888889,0.02423987596329706,76.48578811369508,95.59464742144038,49.7,C,ea00f977
729f06993dac8e860d4f02d7088ca48a,28399.73,94,4.3478260869565215,10.258620689655173,5.4782531053643595,78.76643073811931,79.60897764919976,49.6,C,729f0699
6f229cc508fc6915ed5c499efd93baa4,3316.74,13,4.428571428571429,8.714285714285714,0.5646555104991534,81.39534883720931,84.20645660158516,49.6,C,6f229cc5
95ec4458365c4d11f452ccf538377619,3259.81,27,4.266666666666667,5.290322580645161,0.5535032869773294,76.12403100775194,94.39958095071806,49.6,C,95ec4458
ba5daa4041e1f15cdf34b76e3e18a450,959.35,15,4.266666666666667,5.133333333333334,0.10285786061134952,76.12403100775194,94.86693730266126,49.5,C,ba5daa40
e48b04bf1aa1ef711caebeb7aede6180,3832.73,25,4.48,10.12,0.6657346570831331,83.06976744186048,80.02165087956698,49.5,C,e48b04bf
04aba03279157f6d4e0fe8ccaf21963c,2735.23,15,4.533333333333333,11.2,0.45074141423750097,84.8062015503876,76.80649526387009,49.5,C,04aba032
643214e62b870443ccbe55ab29a4dccf,4155.29,65,4.414285714285715,8.957142857142857,0.7289221016501374,80.93023255813955,83.48347187318771,49.4,C,643214e6
165b1235e9e9942cb5fae67103576fb0,5706.9800000000005,11,4.3125,6.8125,1.0328882656511753,77.61627906976743,89.8680649526387,49.4,C,165b1235
b839e41795b7f3ad94cc2014a52f6796,50697.81,33,4.027777777777778,6.527777777777778,9.846304611907716,68.34625322997415,90.71568185235303,49.4,C,b839e417
c6bda72e4dbf5c5866b13cb1810c6d03,15739.78,59,4.383333333333334,9.716666666666667,2.998249729725579,79.92248062015504,81.22237257555255,49.4,C,c6bda72e
6e864f5c4669eff3d98140a07cc50202,932.36,13,4.461538461538462,9.538461538461538,0.09757069193307742,82.46869409660108,81.75288851878838,49.4,C,6e864f5c
4b9750c8ad28220fe6702d4ecb7c898f,19985.010000000002,217,4.323144104803493,8.965065502183407,3.82986318241402,77.9628313191835,83.45988619106429,49.4,C,4b9750c8
4bfc7a4a1cf8d4d2121c27422d9e50b5,25389.18,26,4.225,7.525,4.88850558167514,74.7674418604651,87.7469553450609,49.4,C,4bfc7a4a
fc906263ca5083d09dce42fe02247800,6900.36,112,4.391666666666667,8.916666666666666,1.2666637883364786,80.1937984496124,83.60396932792062,49.3,C,fc906263
9f50216bfd01913736a55a11b55ea842,2297.55,17,4.473684210526316,10.052631578947368,0.365002696671509,82.86413708690331,80.22220639555587,49.3,C,9f50216b
01fdefa7697d26ad920e9e0346d4bd1b,18075.39,128,4.383458646616542,10.186567164179104,3.45578081667108,79.92656058751531,79.82348070203786,49.3,C,01fdefa7
e333046ce6517bd8bb510291d44f0130,9836.58,68,4.4,9.506666666666666,1.8418505395967992,80.46511627906978,81.84754172304918,49.3,C,e333046c
06df0c10d34e459d9672bc77388742eb,12122.79,26,4.366666666666666,9.2,2.2897044819440544,79.3798449612403,82.76048714479026,49.2,C,06df0c10
b94cc9f10ddc85e4ba73a6f7974e7101,26368.49,39,4.315789473684211,10.025,5.080346158122663,77.7233782129743,80.3044654939107,49.2,C,b94cc9f1
1c5e4e49b9079480255b49d50aac1aa9,11062.72,12,4.333333333333333,8.333333333333334,2.082043537120939,78.29457364341084,85.340550293189,49.2,C,1c5e4e49
70eea00b476a314817cefde4aad4f89a,36882.69,106,4.37719298245614,12.782608695652174,7.140010808626121,79.72256221950225,72.09507560157675,49.2,C,70eea00b
c35672b10ad50968f567ea3f4b91e877,1829.6599999999999,18,4.454545454545454,9.818181818181818,0.27334603298582066,82.24101479915433,80.92016238159675,49.2,C,c35672b1
ceaec5548eefc6e23e6607c5435102e7,63080.36,198,4.205882352941177,12.483091787439614,12.271967098648656,74.14500683994528,72.98673622142469,49.2,C,ceaec554
2a5b78b41cd05baeac8df54c6606b92c,20077.57,46,4.303571428571429,8.892857142857142,3.847995095450732,77.32558139534885,83.67485018364586,49.2,C,2a5b78b4
8602a61d680a10a82cceeeda0d99ea3d,1825.45,17,4.363636363636363,7.909090909090909,0.272521320865201,79.2811839323467,86.60351826792963,49.1,C,8602a61d
7e26c750b4cb9f6766f58265ff9ebe95,2252.2799999999997,23,4.407407407407407,9.0,0.3561345927046553,80.70628768303186,83.35588633288228,49.1,C,7e26c750
6481e96574816ead57975da2c0f6d80d,6470.68,32,4.350877192982456,8.298245614035087,1.1824922196932792,78.86576907384742,85.44500629109987,49.1,C,6481e965
0509040ea3fe50071181bbc359eb7738,6030.21,87,4.484848484848484,11.2,1.0962069589404633,83.22762508809018,76.80649526387009,49.1,C,0509040e
2199e7fe213c16213bf5d6a7eadc9a5d,6560.53,24,4.4375,10.28125,1.2000932610323956,81.68604651162791,79.5416102841678,49.1,C,2199e7fe
218d46b86c1881d022bce9c68a7d4b15,74253.49,382,4.174117647058823,13.33411214953271,14.460711929114096,73.11080711354309,70.45325205822468,49.1,C,218d46b8
57e632711dec9ec14ca7546769483e7e,8587.57,62,4.424242424242424,10.242424242424242,1.5971774550896256,81.25440451021845,79.65719440685612,49.1,C,57e63271
382229d1e840115ffe3dbf5ff460e417,5413.5,45,4.352941176470588,8.294117647058824,0.9753974074185225,78.93296853625169,85.45729523203056,49.1,C,382229d1
80e6699fe29150b372a0c8a1ebf7dcc8,14421.26,96,4.411214953271028,10.722222222222221,2.7399600800154897,80.83025429254509,78.22883776875658,49.1,C,80e6699f
91f848e9f4be368f4318775aac733370,9743.81,60,4.405405405405405,9.986842105263158,1.8236774889008636,80.64110622250156,80.41806139163877,49.1,C,91f848e9
54a1852d1b8f10312c55e906355666ee,21435.77,198,4.376744186046512,11.097222222222221,4.114057803817873,79.7079502433748,77.11246429108405,49.0,C,54a1852d
bb7a14e229b1c95156719c3d9552eeee,3047.61,10,4.5,11.3,0.5119346618002514,83.72093023255813,76.50879566982408,49.0,C,bb7a14e2
6c7d50c24b3ccd2fd83b44d8bb34e073,15057.27,112,4.4393939393939394,11.611940298507463,2.864550378313668,81.74770965468639,75.58015066750147,49.0,C,6c7d50c2
c9aafcd0621b2207c10e32c649cada4d,5395.08,40,4.38,8.98,0.9717890470237923,79.81395348837209,83.41542625169147,49.0,C,c9aafcd0
dfc475d54e1b6dbeeb7d7d9bdaa63827,2661.56,18,4.55,12.5,0.436309931594733,85.34883720930232,72.936400541272,48.9,C,dfc475d5
4736e9d642ef4257cd7622516931eb51,2195.9300000000003,16,4.24,5.68,0.3450959874797339,75.25581395348838,93.23951285520974,48.9,C,4736e9d6
cab85505710c7cb9b720bceb52b01cee,14631.41,201,4.3534883720930235,9.814814814814815,2.781127123281102,78.95078420767983,80.93018593695183,48.9,C,cab85505
259f7b5e6e482c230e5bfaa670b6bb8f,15001.34,136,4.274285714285714,8.090909090909092,2.853594048407193,76.3720930232558,86.06224627875507,48.9,C,259f7b5e
ce27a3cc3c8cc1ea79d11e561e9bebb6,56465.840000000004,122,4.0962962962962965,9.723270440251572,10.97622486204976,70.5770887166236,81.20271316839857,48.9,C,ce27a3cc
bf3c6d2a28b2b5501e6c15448982dcc9,6034.13,35,4.4186046511627906,10.162790697674419,1.0969748619126318,81.07084910762575,79.89426314630079,48.8,C,bf3c6d2a
b347677812ea483b0f528eaf8cbc09b7,8159.83,21,4.523809523809524,12.857142857142858,1.5133859200602036,84.49612403100775,71.87318770539339,48.8,C,b3476778
b2ba3715d723d245138f291a6fe42594,62357.93,324,4.224376731301939,13.473972602739726,12.130447674112009,74.74714939122593,70.03688805679649,48.8,C,b2ba3715
8a432f4e5b471f8da497d7dc517666e2,12218.66,95,4.243243243243243,7.300884955752212,2.3084848028475724,75.36140791954745,88.41414492198258,48.8,C,8a432f4e
f41ce2e25237f9092cd8e6e7516c7a2f,2443.67,26,4.357142857142857,8.464285714285714,0.39362667174631877,79.06976744186045,84.95070558670018,48.8,C,f41ce2e2
f4db9b37944bcb8873e6b456ee190bbf,4304.58,21,4.565217391304348,13.173913043478262,0.7581670594856038,85.8442871587462,70.93016414661412,48.8,C,f4db9b37
0ea22c1cfbdc755f86b9b54b39c16043,21061.49,234,4.33453237410072,10.443262411347519,4.040738741465014,78.33361218002342,79.05929999328208,48.8,C,0ea22c1c
77a515caa36327151d1cc6c32a9f00e1,2613.58,26,4.423076923076923,9.884615384615385,0.4269109559302836,81.21645796064402,80.72238992401374,48.8,C,77a515ca
e63e8bfa530fb16910dd6956e592bb81,2316.01,41,4.377777777777778,8.933333333333334,0.36861889281085325,79.74160206718346,83.55435272891295,48.8,C,e63e8bfa
0df3984f9dfb3d49ac6366acbd3bbb85,12056.66,86,4.32258064516129,8.86021505376344,2.2767500371610185,77.94448612153037,83.77202555036595,48.8,C,0df3984f
1fdc574883ef3b33ad41562d93f3a74a,4524.27,18,4.444444444444445,10.833333333333334,0.8012029278416467,81.91214470284238,77.8980604420388,48.7,C,1fdc5748
4d6d651bd7684af3fffabd5f08d12e5a,58542.46,363,4.207407407407407,12.775862068965518,11.383021461555996,74.19465977605512,72.11516028183472,48.7,C,4d6d651b
d624126b9206f595fb3fbb6ba03b28a8,8640.16,23,4.357142857142857,9.413793103448276,1.6074795003208346,79.06976744186045,82.12402594372638,48.7,C,d624126b
e38db885400cd35c71dfd162f2c1dbcf,3060.49,30,4.515151515151516,12.212121212121213,0.5144577715659477,84.21423537702609,73.7934145241317,48.7,C,e38db885
5cbbd5a299cab112b7bf23862255e43e,4093.44,36,4.446808510638298,10.851063829787234,0.7168060815407957,81.98911429985155,77.84527682607319,48.7,C,5cbbd5a2
fd386aa7bed2af3c7035c65506c9b4a3,4303.33,69,4.325,8.2,0.7579221924664175,78.0232558139535,85.73748308525035,48.7,C,fd386aa7
966cb4760537b1404caedd472cc610a5,48551.82,67,4.117647058823529,9.441176470588236,9.42591887230471,71.2722298221614,82.04250577091459,48.7,C,966cb476
b127efdabeffb5d559349c7b172eb75d,708.11,10,4.5,11.416666666666666,0.05364154869104279,83.72093023255813,76.16147947677041,48.7,C,b127efda
83645b1645cdee8953ee54c29ceed564,1245.1,14,4.428571428571429,10.0,0.15883446119735348,81.39534883720931,80.37889039242219,48.7,C,83645b16
e84ad2127668df3aafc6b73531a0beb8,1449.45,19,4.391304347826087,9.217391304347826,0.19886532149394118,80.18200202224469,82.70871330234748,48.7,C,e84ad212
dbc22125167c298ef99da25668e1011f,48265.83,394,4.198257080610022,11.23913043478261,9.369895257251022,73.89674215939606,76.69000411837384,48.6,C,dbc22125
97512d3fc193b2d1dfcdba0f9d1f0f8a,1950.7,12,4.3076923076923075,7.538461538461538,0.2970569961876752,77.4597495527728,87.70688039970855,48.6,C,97512d3f
f62d7bb4a613ec758a03342d46b580b2,26790.59,32,4.411764705882353,13.117647058823529,5.163032853161516,80.84815321477429,71.09766775451723,48.6,C,f62d7bb4
ff063b022a9a0aab91bad2c9088760b7,14862.57,94,4.288659793814433,8.86734693877551,2.826409891405199,76.84008631023734,83.75079395763719,48.6,C,ff063b02
9de4643a8dbde634fe55621059d92273,22181.01,72,4.5,14.534883720930232,4.2600455617206325,83.72093023255813,66.8785599647544,48.6,C,9de4643a
01fd077212124329bac32490e8ef80d9,3247.48,31,4.3,7.625,0.551087918700075,77.20930232558139,87.44925575101489,48.6,C,01fd0772
b372ee768ed69e46ca8cdbd267aa7a38,16805.28,63,4.424657534246576,12.068493150684931,3.20697437688004,81.26791971965595,74.22099467996367,48.6,C,b372ee76
68f86ba270525243e68ae74044f992b9,1132.68,10,4.461538461538462,10.923076923076923,0.13681210095980822,82.46869409660108,77.63089413968981,48.6,C,68f86ba2
1d4587203296c8f4ad134dc286fa6db0,3685.88,40,4.365853658536586,9.121951219512194,0.6369676796691186,79.35337492909814,82.99283804746031,48.6,C,1d458720
5bc24d989e71e93c33e50a7782431b0e,3736.5299999999997,17,4.352941176470588,8.764705882352942,0.6468896912865502,78.93296853625169,84.0563559659317,48.6,C,5bc24d98
abc015ebac1d283a323ca9db35ede4b9,1543.75,12,4.428571428571429,10.357142857142858,0.21733808942136085,81.39534883720931,79.31567755654359,48.5,C,abc015eb
bf100ecb7997df312b285358fb32f92c,2474.81,20,4.368421052631579,9.095238095238095,0.39972679892828955,79.43696450428396,83.07236290998131,48.5,C,bf100ecb
17e34d8224d27a541263c4c64b11a56b,64125.340000000004,247,4.195488721804511,13.585820895522389,12.476672008816154,73.80660954712363,69.70391614323512,48.5,C,17e34d82
9d5a9018aee56acb367ba9c3f05d1d6a,17091.61,66,4.482352941176471,13.51764705882353,3.263064595762947,83.14637482900137,69.9068693783332,48.5,C,9d5a9018
6bb0724edf0b62fb91ac404873a97241,5023.2,17,4.529411764705882,13.263157894736842,0.8989401293477707,84.67852257181943,70.66448258671035,48.4,C,6bb0724e
058fd0aa2bfdb2274e05e1ae971dabb6,9328.84,60,4.338461538461538,9.646153846153846,1.7423875153394497,78.46153846153845,81.43228895596961,48.4,C,058fd0aa
77fccaae319668a8ab6cd0fd16aec48c,2265.29,11,4.333333333333333,8.5,0.3586831686403471,78.29457364341084,84.84438430311232,48.4,C,77fccaae
1b938a7ec6ac5061a66a3766e0e75f90,5133.72,29,4.4375,11.25,0.9205902917161527,81.68604651162791,76.6576454668471,48.4,C,1b938a7e
596849622429351f47b32e6cae1055ff,1622.3999999999999,13,4.153846153846154,4.571428571428571,0.23274512226856714,72.45080500894456,96.53972549777691,48.4,C,59684962
2f74af7a0ee5636f12c2336f9fffed47,724.4699999999999,13,4.357142857142857,8.928571428571429,0.05684636823815397,79.06976744186045,83.568528900058,48.4,C,2f74af7a
36890be00bbfc1cdb9a4a38a6af05a69,1600.88,13,4.333333333333333,8.666666666666666,0.2285294916662547,78.29457364341084,84.34821831303563,48.3,C,36890be0
25cf099de44674fde97473224f9d59ab,2359.55,50,4.34,8.823529411764707,0.37714810082315287,78.51162790697673,83.88123855766935,48.3,C,25cf099d
e7df4cd29ab5abab70fb0783ddb53987,10472.25,23,4.32,9.52,1.9663742340657586,77.86046511627907,81.80784844384303,48.3,C,e7df4cd2
ef0ace09169ac090589d85746e3e036f,21749.6,128,4.368794326241135,12.127659574468085,4.1755350971228795,79.44911759854858,74.04485647654968,48.3,C,ef0ace09
d98eec89afa3380e14463da2aabaea72,12441.81,168,4.2356020942408374,8.0,2.352198463112723,75.11262632412028,86.33288227334236,48.3,C,d98eec89
1caf283236cd69af44cbc09a0a1e7d32,1872.54,33,4.564102564102564,13.717948717948717,0.2817459512119899,85.80799045915325,69.3105721522501,48.3,C,1caf2832
bfd27a966d91cfaafdb25d076585f0da,22238.04,114,4.355371900826446,11.747967479674797,4.271217374603991,79.01210839900057,75.17519830137408,48.3,C,bfd27a96
d91fb3b7d041e83b64a00a3edfb37e4f,51120.91,524,4.141831238779174,10.880570409982175,9.92918720056192,72.05962172769404,77.75743585661598,48.3,C,d91fb3b7
d6ab728cf30867cf3f1a2e216ae2f9b7,2532.32,12,4.428571428571429,10.857142857142858,0.41099264074701597,81.39534883720931,77.82717958631355,48.3,C,d6ab728c
70849ca4f400aaabb62cb7462a6f1428,1143.24,12,4.384615384615385,9.846153846153847,0.13888073753789465,79.96422182468696,80.8368897678776,48.2,C,70849ca4
bacb1f0ed56ad24198f5810d2b3fe9a5,6929.51,38,4.324324324324325,9.289473684210526,1.2723740872239047,78.00125707102453,82.49412435011752,48.2,C,bacb1f0e
411f3b52d857390502ee4e4d5ceabc2d,3685.0,21,4.285714285714286,8.096774193548388,0.6367952932876113,76.74418604651162,86.04478589200751,48.2,C,411f3b52
77530e9772f57a62c906e1c21538ab82,82890.66,312,4.10379746835443,14.50632911392405,16.15267838679884,70.82131292316748,66.96356691389323,48.2,C,77530e97
b8bc237ba3788b23da09c0f1f3a3288c,17634.04,45,4.361702127659575,11.5,3.3693231695367567,79.21820880752102,75.91339648173208,48.2,C,b8bc237b
ccb83a794700270fde70898fe9ff368b,12785.73,12,4.529411764705882,14.588235294117647,2.4195701953035837,84.67852257181943,66.7197325479583,48.2,C,ccb83a79
bbf9ad41dca6603e614efcdad7aab8c4,8622.26,14,4.5,13.428571428571429,1.6039730046060858,83.72093023255813,70.17204716798763,48.2,C,bbf9ad41
a2deecd5398f5df4987110c80a1972a3,895.75,13,4.285714285714286,7.785714285714286,0.09039902667514704,76.74418604651162,86.97080997486952,48.1,C,a2deecd5
aafe36600ce604f205b86b5084d3d767,12262.52,129,4.405228758169935,11.986928104575163,2.3170766968167835,80.63535491716067,74.4638134911159,48.1,C,aafe3660
1554a68530182680ad5c8b042c3ab563,39547.15,246,4.336601307189542,14.054487179487179,7.661961510979172,78.40097279221764,68.30869851844142,48.1,C,1554a685
4a1f694197d05fe70026b016a7316b41,2851.59,14,4.391304347826087,10.478260869565217,0.47353559531952183,80.18200202224469,78.95510972524563,48.1,C,4a1f6941
e8b4225284fbb02d16f200513f1f395d,6912.6,30,4.32258064516129,9.451612903225806,1.2690615261883516,77.94448612153037,82.01143655331965,48.1,C,e8b42252
640e21a7d01df7614a3b4923e990d40c,16364.92,115,4.291970802919708,9.963503649635037,3.1207106644249123,76.94788660668816,80.4875398793003,48.1,C,640e21a7
527801b552d0077ffd170872eb49683b,20966.239999999998,90,4.421052631578948,13.364583333333334,4.022079874603012,81.15055079559365,70.3625394677492,48.1,C,527801b5
670a9dda115b5a88b18cfadee8de2332,1101.99,11,4.454545454545454,11.727272727272727,0.1308001259047445,82.24101479915433,75.23680649526388,48.0,C,670a9dda
240b9776d844d37535668549a396af32,14171.65,35,4.3428571428571425,10.971428571428572,2.691063074688202,78.60465116279069,77.4869514788324,48.0,C,240b9776
8bb48dc19fccaa8613b6229bf7f452a2,8888.59,82,4.363636363636363,10.828282828282829,1.6561453511820103,79.2811839323467,77.91309577507141,48.0,C,8bb48dc1
8fdca8e349553f99bc738833a62c8802,2120.54,22,4.357142857142857,9.793103448275861,0.33032756781856554,79.06976744186045,80.99482058700015,48.0,C,8fdca8e3
de23c3b98a88888289c6f5cc1209054a,34144.65,161,4.220430107526882,10.903225806451612,6.603646254055684,74.61865466366592,77.68999083329696,48.0,C,de23c3b9
55a5b51f93f2b70ea513f5a047b0262a,5354.59,39,4.5,13.261904761904763,0.9638573145383075,83.72093023255813,70.66821315806432,48.0,C,55a5b51f
562f8cfc51f265411f487d07e9c40e7f,966.25,13,4.538461538461538,13.538461538461538,0.10420952655725826,84.9731663685152,69.84490475694805,48.0,C,562f8cfc
715bbd5ba4e6b74cb0d2f29eb45058b0,5901.96,62,4.413333333333333,11.493333333333334,1.071083602771942,80.89922480620154,75.93324312133514,48.0,C,715bbd5b
31da954dc0855f2495c6310f70a2f931,6379.93,29,4.233333333333333,7.666666666666667,1.1647148741003488,75.03875968992249,87.32521425349572,47.9,C,31da954d
f3c38ab652836d21de61fb8314b69182,1828.59,15,4.266666666666667,7.8,0.27313642681739714,76.12403100775194,86.92828146143438,47.9,C,f3c38ab6
ad97a199236354e53fcd91a5a913e9a2,14872.94,16,4.5,14.722222222222221,2.828441308196369,83.72093023255813,66.32085400691626,47.9,C,ad97a199
d4ffeb15b67e81ff9af2b4252d99fb7e,1899.6200000000001,11,4.3,8.583333333333334,0.2870507503156434,77.20930232558139,84.59630130807398,47.9,C,d4ffeb15
282f23a9769b2690c5dda22e316f9941,12880.75,98,4.321428571428571,10.598214285714286,2.4381840066340548,77.90697674418604,78.59800889232554,47.9,C,282f23a9
b1a81260566c1bac3114a6d124413f27,11498.32,51,4.206896551724138,7.913793103448276,2.167374795967005,74.17802726543704,86.5895198544165,47.9,C,b1a81260
89f69225956f951295ca4c7fb1266553,1623.71,11,4.333333333333333,9.25,0.23300174290467449,78.29457364341084,82.61163734776726,47.9,C,89f69225
4ba52dfeba874da5b9ee7b17c7494f04,1667.91,11,4.363636363636363,10.0,0.24166024070310455,79.2811839323467,80.37889039242219,47.9,C,4ba52dfe
179d859f51292aac5c10806a356f7af9,918.39,18,4.315789473684211,8.789473684210526,0.09483405812665056,77.7233782129743,83.98262232034756,47.9,C,179d859f
3d5d0dc7073a299e31fa718ce1bc00b6,1064.06,21,4.2727272727272725,7.863636363636363,0.12336988107455327,76.3213530655391,86.73883626522328,47.9,C,3d5d0dc7
b8630e1121437d41cb08e3c749c2c2e2,7334.1,12,4.384615384615385,11.384615384615385,1.3516306850579953,79.96422182468696,76.25689601332363,47.8,C,b8630e11
ccf8813e5a7d6c84d865cd38bfc2b130,3317.75,26,4.407407407407407,11.37037037037037,0.564853363050656,80.70628768303186,76.29930336290282,47.8,C,ccf8813e
73a63f72308aa20a46f4b1632018f196,14080.59,27,4.323529411764706,10.857142857142858,2.6732250020745134,77.97537619699041,77.82717958631355,47.8,C,73a63f72
42bde9fef835393bb8a8849cb6b7f245,9901.25,34,4.282051282051282,9.41025641025641,1.8545189797014254,76.62492546213477,82.13455466500122,47.8,C,42bde9fe
1d503743d2526f03f0c2c89540ee008c,1259.39,12,4.277777777777778,8.277777777777779,0.1616337809606921,76.48578811369508,85.50593895654788,47.8,C,1d503743
7dc8c42cc750eeafea6c85712ffee9bf,11236.04,41,4.2,7.75,2.115995818533244,73.95348837209302,87.07713125845737,47.8,C,7dc8c42c
c0563dd588b775f2e37747ef6ad6c92c,4182.68,28,4.357142857142857,10.392857142857142,0.7342876277745491,79.06976744186045,79.20935627295574,47.8,C,c0563dd5
67883baaae6134ee81b271a542613728,8496.02,19,4.105263157894737,5.368421052631579,1.5792433946044162,70.86903304773563,94.16708211665836,47.8,C,67883baa
6ddc28b61be28373b4503a1f61cf98a9,2070.73,11,4.153846153846154,5.538461538461538,0.3205701068380271,72.45080500894456,93.66087228062871,47.8,C,6ddc28b6
6a38087bc8ad4f89ff453561005f6dea,4536.33,15,4.409090909090909,11.636363636363637,0.8035654048427567,80.76109936575054,75.50744248985116,47.7,C,6a38087b
e5475dcab1e07b63d7f6e902d8f5eda8,2443.22,19,4.291666666666667,8.791666666666666,0.3935385196194116,76.93798449612403,83.97609382047813,47.7,C,e5475dca
76ea5315acb3f5f7ade3cd261faf922a,1524.69,15,4.266666666666667,8.2,0.2136043571128071,76.12403100775194,85.73748308525035,47.7,C,76ea5315
01cf7e3d21494c41fb86034f2e714fa1,12856.05,59,4.280898876404494,9.988888888888889,2.4333454343349317,76.58740527828586,80.41196812509398,47.7,C,01cf7e3d
7357b52d27cbaa90f81a96cbc1279396,1545.83,12,4.285714285714286,8.642857142857142,0.2177455481412869,76.74418604651162,84.41909916876088,47.7,C,7357b52d
2bf6a2c1e71bbd29a4ad64e6d3c3629f,56074.99,30,4.15625,12.875,10.899659842490564,72.52906976744185,71.82002706359947,47.7,C,2bf6a2c1
75fbb52eda0cbc24f479d3b2fbfa8d3e,2344.9,38,4.5,13.380952380952381,0.3742782593582886,83.72093023255813,70.31380887943811,47.7,C,75fbb52e
70c27847eca8195c983ed7e798c56743,20305.99,77,4.242718446601942,10.194174757281553,3.8927411150687723,75.34432151727253,79.80083292825519,47.7,C,70c27847
7722b1df1b0e383e000397b2c11e3e19,11685.06,133,4.194630872483222,8.073333333333334,2.203955969697295,73.77867956922117,86.11456923770861,47.6,C,7722b1df
76d5af76d0271110f9af36c92573f765,44381.82,128,4.124223602484472,10.895061728395062,8.609042496298983,71.48634984833164,77.71429526052891,47.6,C,76d5af76
6288c69c4ce638e59925e59193f98b16,4467.01,20,4.285714285714286,9.142857142857142,0.7899860594267574,76.74418604651162,82.93060119853084,47.6,C,6288c69c
cea729054f157f5870bdd321a958d994,3458.13,24,4.172413793103448,6.448275862068965,0.5923529087733621,73.05533279871692,90.95235873267697,47.6,C,cea72905
1dc2de47ee26a0a5b12dc14fd6dc0dea,2724.46,25,4.535714285714286,14.321428571428571,0.44863164000019123,84.88372093023256,67.51401507829112,47.6,C,1dc2de47
f680f85bee2d253556ac91be391d2c82,9460.42,45,4.290909090909091,10.036363636363637,1.7681631972470837,76.91331923890064,80.27063599458728,47.5,C,f680f85b
53e4c6e0f4312d4d2107a8c9cddf45cd,49440.81,463,4.104587155963303,11.316270566727605,9.600066337413903,70.84702368252614,76.46035825872703,47.5,C,53e4c6e0
94144541854e298c2d976cb893b81343,22801.0,68,4.2894736842105265,11.818181818181818,4.381497644300918,76.86658506731948,74.96617050067658,47.5,C,94144541
59fb871bf6f4522a87ba567b42dafecf,23980.04,123,4.287878787878788,11.886363636363637,4.612464052542116,76.81465821000705,74.76319350473614,47.5,C,59fb871b
14d7985702e72162bbf13b6beb74ab2b,4698.34,37,4.342105263157895,10.578947368421053,0.8353021294654637,78.58017135862913,78.65536642689267,47.5,C,14d79857
0ef83d7d83ed97cd2a0049ac8be5f88a,7484.4800000000005,48,4.267857142857143,9.350877192982455,1.3810891669341923,76.16279069767444,82.31132635377348,47.5,C,0ef83d7d
5a8e7d5003a1f221f9e1d6e411de7c23,25094.9,137,4.194444444444445,9.972222222222221,4.830858008550209,73.77260981912144,80.46158472410164,47.5,C,5a8e7d50
08633c14ef2db992c11f840f04fad4cd,15190.23,74,4.237113402061856,9.721649484536082,2.8905963934104837,75.16183169503716,81.20753874698325,47.5,C,08633c14
141440cad9341e553f8401c574a2aa38,1903.2,11,4.166666666666667,6.5,0.2877520494585932,72.86821705426357,90.79837618403248,47.4,C,141440ca
02c988090b766852e088c69d7fb3b551,2142.7400000000002,12,4.277777777777778,9.055555555555555,0.33467640607931554,76.48578811369508,83.19049766952338,47.4,C,02c98809
52f9db5cfb423382a2fa5c9e39303202,1634.13,21,4.304347826086956,9.521739130434783,0.2350429543766121,77.35085945399392,81.80267105959875,47.4,C,52f9db5c
9646c3513289980f17226a2fc4720dbd,5465.55,69,4.382716049382716,11.777777777777779,0.985593670097443,79.90238300315819,75.08645316493761,47.4,C,9646c351
a416b6a846a11724393025641d4edd5e,32193.18,157,4.237837837837838,12.05945945945946,6.221365740510385,75.18541797611566,74.24788794206927,47.4,C,a416b6a8
b6e1504972665f739dec4facb9943775,1710.37,14,4.357142857142857,10.642857142857142,0.2499778836108271,79.06976744186045,78.46510728784071,47.4,C,b6e15049
4200ddf1967c5e41e48db62bc6d4b5ac,3758.66,22,4.243243243243243,8.534883720930232,0.6512248169942256,75.36140791954745,84.74053560751487,47.4,C,4200ddf1
87d30a6a0cbf89356e49324971ab1d24,2349.91,17,4.352941176470588,10.764705882352942,0.37525968637118756,78.93296853625169,78.10236408501154,47.3,C,87d30a6a
bc07d855eac23aab5ac8a120f21d16b2,1566.8999999999999,11,4.416666666666667,12.166666666666666,0.22187302661669234,81.00775193798451,73.92873252142535,47.3,C,bc07d855
cca3071e3e9bb7d12640c9fbe2301306,108762.44,699,3.8474770642201834,13.705286839145106,21.22079490651526,62.4759974397269,69.34826651404705,47.3,C,cca3071e
dbb9b48c841a0e39e21f98e1a6b2ec3e,10785.35,108,4.233870967741935,9.411290322580646,2.0277085250315605,75.05626406601648,82.13147671220918,47.3,C,dbb9b48c
5c243662ce92d84573bfaff24c3e3700,35769.63,98,4.128712871287129,10.254901960784315,6.9219694611256575,71.63251208841814,79.62004828995197,47.3,C,5c243662
f435898e493ba0356019a0b1cb8b55b1,1135.08,10,4.333333333333333,10.166666666666666,0.137282245636646,78.29457364341084,79.88272440234552,47.3,C,f435898e
fdb9095204a334cd8872252ffec6f2db,17056.35,46,4.15625,8.4375,3.256157386885737,72.52906976744185,85.03044654939107,47.3,C,fdb90952
8c16d1f32a54d92897cc437244442e1b,9219.44,108,4.3,10.614754098360656,1.7209567538202586,77.20930232558139,78.54876993722132,47.3,C,8c16d1f3
33ac3e28642ab8bda860a2f693000e78,4491.51,34,4.216216216216216,8.135135135135135,0.7947854530028102,74.48145820238842,85.93058552463154,47.3,C,33ac3e28
916748bc99315c2d202898ae58b1617e,1129.77,25,4.2727272727272725,9.0,0.13624205053914235,76.3213530655391,83.35588633288228,47.3,C,916748bc
ff4e2d38692ce827b1a4f4b8196e680d,669.1800000000001,11,4.2727272727272725,8.818181818181818,0.04601541024550252,76.3213530655391,83.89715832205684,47.3,C,ff4e2d38
ffc470761de7d0232558ba5e786e57b7,2382.5299999999997,27,4.28125,9.40625,0.381649736103875,76.59883720930233,82.14648173207037,47.2,C,ffc47076
113e3a788b935f48aad63e1c41dac1bd,2273.61,39,4.387755102040816,11.7,0.36031300352005163,80.06644518272424,75.31799729364006,47.2,C,113e3a78
16090f2ca825584b5a147ab24aa30c86,31826.64,398,4.073710073710074,8.804878048780488,6.149562894740327,69.84172333009542,83.93676358955742,47.2,C,16090f2c
a066df7361163e7ddc5d7452dd17448b,1695.2399999999998,15,4.526315789473684,14.631578947368421,0.24701401321059524,84.57772337821297,66.59069866818604,47.2,C,a066df73
1127b7f2594683f2510f1c2c834a486b,13882.59,110,4.222222222222222,9.6,2.6344380662353926,74.67700258397933,81.56968876860623,47.2,C,1127b7f2
d4e4b5192cba4e0e66eb12a9d347239d,625.4,11,4.454545454545454,13.0,0.037439187765519105,82.24101479915433,71.44790257104195,47.2,C,d4e4b519
31344c16881c08a8a72c6d2eb29918c1,11827.78,42,4.510204081632653,15.693877551020408,2.2319139064799183,84.0531561461794,63.42824003755765,47.2,C,31344c16
2e13c71026e1a39ba5cc1b86dcb679aa,6592.14,24,4.275862068965517,9.827586206896552,1.2062854582135805,76.42341619887729,80.89216555457048,47.2,C,2e13c710
b561927807645834b59ef0d16ba55a24,7175.56,85,4.37,12.02,1.3205737112805496,79.48837209302326,74.36535859269283,47.2,C,b5619278
768de2a4fc06aacecb9a586ccc30746a,663.71,13,4.5,13.9375,0.044943872169542966,83.72093023255813,68.65696887686063,47.2,C,768de2a4
30a2f535bb48308f991d0b9ad4a8c4bb,9064.4,71,4.163043478260869,7.706521739130435,1.6905854076965345,72.75025278058644,87.20656586456434,47.2,C,30a2f535
dbdd0ec73a4817971d962698f2fea022,8174.799999999999,16,4.375,12.1875,1.5163184474819795,79.65116279069767,73.86671177266578,47.2,C,dbdd0ec7
ffdd9f82b9a447f6f8d4b91554cc7dd3,3607.52,18,4.285714285714286,9.761904761904763,0.6216174559703633,76.74418604651162,81.08769894967459,47.2,C,ffdd9f82
f7720c4fa8e3aba4546301ab80ea1f1b,8061.81,59,4.2375,9.3125,1.4941844278836853,75.17441860465115,82.4255751014885,47.2,C,f7720c4f
c84592044b180dec206770c38603814b,700.97,14,4.428571428571429,12.571428571428571,0.052242868277450255,81.39534883720931,72.72375797409627,47.1,C,c8459204
512d298ac2a96d1931b6bd30aa21f61d,7913.09,11,4.25,9.583333333333334,1.4650511294089679,75.5813953488372,81.61930536761389,47.1,C,512d298a
b499c00f28f4b7069ff6550af8c1348a,20619.43,147,4.2228260869565215,10.798913043478262,3.9541420098637925,74.69666329625883,78.0005295052068,47.1,C,b499c00f
5f5b43b2bffa8656e4bc6efeb13cc649,4892.68,27,4.448275862068965,13.517241379310345,0.873372094672407,82.03688853247793,69.90807708459708,47.1,C,5f5b43b2
dee656f0f566ed1aa85bd137c943f08f,8382.34,92,4.360824742268041,12.206185567010309,1.556974208411531,79.18964277151761,73.81108491553088,47.1,C,dee656f0
f0b47fbbc6dee9aafe415a6e33051b3f,8523.78,67,4.261363636363637,9.931818181818182,1.584681401366507,75.95137420718817,80.58186738836265,47.1,C,f0b47fbb
3078096983cf766a32a06257648502d1,11506.710000000001,56,4.306451612903226,11.564516129032258,2.169018343399784,77.41935483870968,75.72133222750884,47.0,C,30780969
b83cedfb587e7911540e3f576d6917ce,2757.82,24,4.269230769230769,9.5,0.45516665100823706,76.20751341681574,81.86738836265224,47.0,C,b83cedfb
65febd49fd28ec955651299159b1f527,6213.15,33,4.159090909090909,7.659090909090909,1.1320437369324265,72.6215644820296,87.34776725304465,47.0,C,65febd49
d6b1ce66b035a475f00c017792ff9769,19485.39,92,4.169811320754717,9.54054054054054,3.731990814313304,72.97060114085126,81.746699338039,47.0,C,d6b1ce66
562fc2f2c2863ab7e79a9e4388a58a14,15673.42,255,4.247148288973384,10.80377358490566,2.9852502294110126,75.48854894331947,77.986059693109,47.0,C,562fc2f2
e26901d5ab434ce92fd9b5c256820a4e,16661.63,197,4.147982062780269,8.730941704035875,3.1788342590351424,72.25988111377619,84.15687178771458,47.0,C,e26901d5
f84fa566034f5e8e880a07ec624c56af,7685.34,89,4.306930693069307,10.990099009900991,1.4204363585132116,77.43495279760535,77.4313696592934,47.0,C,f84fa566
8f119a0aee85c0c8fc534629734e94fd,5448.81,75,4.246913580246914,9.481481481481481,0.9823144109764993,75.480907263853,81.9225179171052,47.0,C,8f119a0a
c826c40d7b19f62a09e2d7c5e7295ee2,54643.47,346,4.093150684931507,12.729508196721312,10.619234214246028,70.47467346288626,72.25315557133034,46.9,C,c826c40d
4c498c7345e89aebad651544829beca0,5452.65,47,4.276595744680851,10.319148936170214,0.9830666424594396,76.44730331519048,79.42878530504132,46.9,C,4c498c73
23c38debaffe4a25a30fdbd9b586a13f,7630.0199999999995,41,4.304347826086956,11.152173913043478,1.4095995237120995,77.35085945399392,76.94887333058776,46.9,C,23c38deb
32b8764b4ef628b53608fc34011fcc13,14216.08,36,4.256410256410256,10.897435897435898,2.6997666280181623,75.79010137149672,77.70722736893238,46.9,C,32b8764b
4be6b962d83299498bae2190f95d6566,902.01,11,4.166666666666667,7.230769230769231,0.09162532070723238,72.86821705426357,88.62287915061934,46.9,C,4be6b962
b90e891671cffd9557f33a97dc523645,6649.71,34,4.128205128205129,7.102564102564102,1.217563053649228,71.6159809183065,89.00454529683218,46.9,C,b90e8916
5debea795b07621e1f90532e18f96145,3202.69,25,4.2727272727272725,9.818181818181818,0.542313843668589,76.3213530655391,80.92016238159675,46.9,C,5debea79
503c1de08ae81a2d86f17951b204db55,5321.9,22,4.409090909090909,13.045454545454545,0.9574535522525454,80.76109936575054,71.31258457374831,46.9,C,503c1de0
a425f92c199eb576938df686728acd20,1610.61,16,4.6,16.9,0.23043553654360133,86.97674418604649,59.837618403247646,46.9,C,a425f92c
951e8cef368f09bb3f3d03c00ca4702c,6966.18,62,4.188405797101449,8.619718309859154,1.279557506098756,73.57600269632624,84.48798338066287,46.8,C,951e8cef
9baf5cb77970f539089d09a38bcec5c3,6643.24,31,4.454545454545454,14.393939393939394,1.216295621957919,82.24101479915433,67.29815065403699,46.8,C,9baf5cb7
34d1ca11b242c0fee2c834ae8d788566,14813.64,40,4.317073170731708,12.476190476190476,2.8168248168061676,77.76517300056722,73.00728139699723,46.8,C,34d1ca11
412a4720f3e9431b4afa1476a1acddbe,3026.98,21,4.2727272727272725,10.090909090909092,0.5078933765155995,76.3213530655391,80.10825439783491,46.8,C,412a4720
8bd0f31cf0a614c658f6763bd02dea69,6199.28,33,4.228571428571429,9.38888888888889,1.1293266924875347,74.88372093023256,82.19816568937003,46.8,C,8bd0f31c
3586b8580d9c917874e053a1bb37b5ff,3226.67,36,4.441860465116279,13.674418604651162,0.5470113725646605,81.82801514332071,69.44016112282469,46.8,C,3586b858
4677a5437afda5fa7140b927b07be1cc,3835.7,11,4.363636363636363,12.181818181818182,0.66631646112072,79.2811839323467,73.88362652232748,46.8,C,4677a543
4830e40640734fc1c52cd21127c341d4,14226.8,204,4.185185185185185,9.560185185185185,2.701866607574704,73.47114556416882,81.6882173106801,46.8,C,4830e406
bba3293d6f5d5af2f415e004e8b93ae3,12028.79,17,4.294117647058823,11.705882352941176,2.2712904821012394,77.01778385772913,75.30048555281383,46.8,C,bba3293d
26d8a1c7c75d513045798992ead43aa2,7083.82,34,4.351351351351352,12.243243243243244,1.3026024310084234,78.88120678818355,73.70076436382254,46.8,C,26d8a1c7
c3acdfac4e3e97ff87529454fbc03642,17057.280000000002,12,4.230769230769231,10.923076923076923,3.2563395679480127,74.95527728085868,77.63089413968981,46.8,C,c3acdfac
21e83881401b92b49fb09a16d3852291,4031.49,12,4.305555555555555,10.88888888888889,0.7046704720699193,77.39018087855297,77.7326717786799,46.8,C,21e83881
54065e9aef7e9e9c2dc23b7594db021a,7321.78,12,4.333333333333333,11.833333333333334,1.3492172757168943,78.29457364341084,74.92106450157871,46.8,C,54065e9a
1eade46fba20122dc4aefb379f8c636b,6334.35,58,4.315789473684211,11.394736842105264,1.1557860431127371,77.7233782129743,76.2267644754647,46.8,C,1eade46f
0bae85eb84b9fb3bd773911e89288d54,12263.76,136,4.215686274509804,10.03921568627451,2.317319604899817,74.46420428636571,80.26214545358062,46.8,C,0bae85eb
1f1bb1f0859883505541bdd6606193e5,19104.45,27,4.333333333333333,13.545454545454545,3.65736710048222,78.29457364341084,69.82408660351827,46.7,C,1f1bb1f0
d51e0a403fe2e689ece6c73359d96e12,12079.23,18,4.32,12.48,2.2811713560594478,77.86046511627907,72.99594046008119,46.7,C,d51e0a40
1d29dfba02015238dfbe2449a5eaa361,789.9200000000001,12,4.5,14.833333333333334,0.0696676053627523,83.72093023255813,65.99007668019847,46.7,C,1d29dfba
b9a03475e6447e631b6799ec8274800f,1803.3,10,4.2727272727272725,10.090909090909092,0.26818227728521854,76.3213530655391,80.10825439783491,46.7,C,b9a03475
750303a20e9c56b2a6bc45cdce0b897d,12594.61,53,4.338461538461538,12.907692307692308,2.3821310075380646,78.46153846153845,71.7227021963152,46.7,C,750303a2
0249d282d911d23cb8b869ab49c99f53,570.03,11,4.2727272727272725,9.818181818181818,0.026592558283639697,76.3213530655391,80.92016238159675,46.7,C,0249d282
8d956fec2e4337affcb520f56fd8cbfd,16904.93,210,4.122950819672131,8.799180327868852,3.2264951756495774,71.44491040792987,83.95372568158123,46.7,C,8d956fec
59417c56835dd8e2e72f91f809cd4092,37657.77,18,4.157894736842105,12.157894736842104,7.291844032010896,72.58261933904528,73.95484652090308,46.7,C,59417c56
e6a69c4a27dfdd98ffe5aa757ad744bc,925.4300000000001,21,4.28,10.04,0.0962131491787082,76.55813953488374,80.25981055480379,46.7,C,e6a69c4a
1da3aeb70d7989d1e6d9b0e887f97c23,20408.84,261,4.063063063063063,7.9640718562874255,3.9128887734074267,69.49507647182065,86.43984021132296,46.7,C,1da3aeb7
f3b80352b986ab4d1057a4b724be19d0,13650.3,86,4.212121212121212,10.202020202020202,2.588933938325951,74.34813248766736,79.77747707111712,46.7,C,f3b80352
0ffa40d54288e4f3499b8780dd0f144f,3054.06,33,4.4,13.085714285714285,0.5131981756192531,80.46511627906978,71.19273149043109,46.6,C,0ffa40d5
e24d3429d294b2eb200b064ebb035879,2757.72,19,4.136363636363637,7.318181818181818,0.4551470616467021,71.8816067653277,88.36265223274695,46.6,C,e24d3429
b2ac621f0d0322434d04a12b078b9369,10747.34,30,4.4,14.2,2.0202626087121414,80.46511627906978,67.87550744248986,46.6,C,b2ac621f
5d9dc90a686a8fddacffab6bab5653a3,4131.27,12,4.166666666666667,8.166666666666666,0.7242167370094522,72.86821705426357,85.83671628326567,46.6,C,5d9dc90a
d1c7fa84e48cfa21a0e595167c1c500e,1557.9,12,4.333333333333333,11.5,0.22010998407855056,78.29457364341084,75.91339648173208,46.6,C,d1c7fa84
d354c38a7182125a748cb10474fe963b,2082.05,17,4.388888888888889,12.68421052631579,0.3227876225637789,80.10335917312663,72.38800655223987,46.6,C,d354c38a
8e2b3afb420011ef0c88c9d5f11ea526,1606.42,11,4.2727272727272725,10.181818181818182,0.22961474229528864,76.3213530655391,79.83761840324763,46.6,C,8e2b3afb
81a1104df0f08b59c68aa5b03cfe398e,11115.43,72,4.315068493150685,12.266666666666667,2.09236908958599,77.69990442816183,73.63103292737934,46.6,C,81a1104d
3f995f07c49d0d55a99d5c54957f7d81,4627.2,43,4.2,9.133333333333333,0.8213662576695289,73.95348837209302,82.95895354082093,46.5,C,3f995f07
1838dd9b8977065acf51d95e0053ea7a,4462.69,62,4.338461538461538,12.138461538461538,0.7891397990084491,78.46153846153845,74.01269907359219,46.5,C,1838dd9b
5ef131ac72773e5b3f6c0d63cf424657,1020.08,10,4.071428571428571,5.857142857142857,0.11475447987150007,69.76744186046511,92.71215928861396,46.5,C,5ef131ac
900ba814c251a692506d7834c1218441,31443.25,86,4.183908045977011,12.337078651685394,6.074459241551637,73.42956428762362,73.42141673381886,46.5,C,900ba814
05f51e13da97139648b8125c31e5f51b,17169.98,57,4.25,11.916666666666666,3.278416778397855,75.5813953488372,74.67298150654037,46.5,C,05f51e13
0887a9f087bcd5d9f6642b52f897fc6c,1862.35,12,4.416666666666667,13.583333333333334,0.2797497952715826,81.00775193798451,69.71132160577358,46.5,C,0887a9f0
cb8bcce248bb1fb274ba762d8b971456,10916.69,66,4.294117647058823,12.088235294117647,2.0534371924715105,77.01778385772913,74.1622223991085,46.5,C,cb8bcce2
cfe94489ddd337d1e29e12f2a7205d10,3777.94,20,4.12,7.32,0.6550016458981561,71.34883720930233,88.35723951285522,46.5,C,cfe94489
8cc6a0e5738e61a87b03c78b2ba9db4b,15318.3,23,4.44,15.8,2.915684488728242,81.76744186046513,63.112313937753726,46.5,C,8cc6a0e5
fe49ee029e61e789a1f3a5525f57ba8d,2691.15,16,4.25,10.0625,0.4421064236729128,75.5813953488372,80.19282814614344,46.4,C,fe49ee02
d12c926d74ceff0a90a21184466ce161,9157.36,76,4.121495327102804,8.22429906542056,1.7087956781793867,71.3975222777657,85.66514486613636,46.4,C,d12c926d
1c129092bf23f28a5930387c980c0dfc,17798.13,200,4.201793721973094,11.142857142857142,3.40146735287939,74.0118886223798,76.97660931761067,46.4,C,1c129092
670c26e0f1bf8d0576271d5cfaec6d2b,10119.07,77,4.348837209302325,13.255813953488373,1.897188526996765,78.79935100054082,70.68634546999402,46.4,C,670c26e0
7ddcbb64b5bc1ef36ca8c151f6ec77df,64804.29,325,3.95,11.831955922865014,12.609673978957423,65.8139534883721,74.92516504695125,46.4,C,7ddcbb64
b9ca8e8baa5d4aa038394a700f63e69f,1677.95,14,4.214285714285714,9.214285714285714,0.24362701260120945,74.4186046511628,82.71795863135512,46.4,C,b9ca8e8b
05ff92fedb5be47920fea08e501238b9,26066.0,57,4.203125,12.203125,5.021090298415714,74.05523255813952,73.82019621109607,46.4,C,05ff92fe
fad44952713764836814be105382aee5,5743.71,32,4.235294117647059,10.294117647058824,1.0400834381429473,75.10259917920656,79.5033033511104,46.4,C,fad44952
e9bc59e7b60fc3063eb2290deda4cced,65804.6,209,4.049056603773585,14.030188679245283,12.805628321327278,69.03905221588417,68.3810350550208,46.4,C,e9bc59e7
6d803cb79cc31c41c4c789a75933b3c7,12503.69,58,4.2898550724637685,12.478260869565217,2.364320360030525,76.8790023592855,73.00111784432548,46.3,C,6d803cb7
26af45f5dfd967225a832838aa4e24a3,1136.24,10,4.181818181818182,8.636363636363637,0.137509482230451,73.36152219873149,84.4384303112314,46.3,C,26af45f5
c013e57c075a06e5b5c48ee03c525719,3685.42,42,4.170212765957447,8.76595744680851,0.636877568606058,72.98367144977735,84.05263006362826,46.3,C,c013e57c
1fe5540d7c1c37a595fefbacd5570d9e,7476.93,20,4.28,11.6,1.3796101701383066,76.55813953488374,75.61569688768606,46.3,C,1fe5540d
2dee2ce60de9709b1a24083217181a1f,10203.79,54,4.375,14.017857142857142,1.9137846340891405,79.65116279069767,68.41774598878794,46.3,C,2dee2ce6
b32be1695eb7ec5f10f72d9610a12527,30413.739999999998,44,4.155555555555556,11.956521739130435,5.87278480561359,72.50645994832043,74.55433311760899,46.3,C,b32be169
381c83fdca332ea6afd896da20bf6e4a,8355.01,46,4.3125,12.375,1.5516204359040402,77.61627906976743,73.30852503382951,46.3,C,381c83fd
01bcc9d254a0143f0ce9791b960b2a47,1644.69,10,4.333333333333333,12.0,0.23711159095469855,78.29457364341084,74.42489851150204,46.3,C,01bcc9d2
5f7300535881cef3b625fd683cf7d145,995.97,10,4.285714285714286,10.928571428571429,0.11003148480543339,76.74418604651162,77.61453701913783,46.3,C,5f730053
11305281b50fff20ae8bb473f8e11876,10330.19,35,4.35,13.55,1.9385455870692663,78.83720930232558,69.8105548037889,46.3,C,11305281
537eb890efff034a88679788b647c564,8969.51,158,4.141242937853107,8.892655367231638,1.671997062536059,72.04046774405465,83.67545086886386,46.2,C,537eb890
b76dba6c951ab00dc4edf0a1aa88037e,5420.13,157,4.201183431952662,9.801169590643275,0.9766961820882871,73.99201871473784,80.97080771391718,46.2,C,b76dba6c
76d64c4aca3a7baf218bf93ef7fa768d,23646.12,64,4.109589041095891,10.095890410958905,4.547051256504746,71.0098757566104,80.09342502826848,46.2,C,76d64c4a
8648b1e89e9b349e32d3741b30ec737e,9724.52,93,4.144230769230769,9.10576923076923,1.8198987010607797,72.13774597495527,83.04101176225669,46.2,C,8648b1e8
57c764b4a836300be881e2ff86e449f9,1777.98,28,4.388888888888889,13.324324324324325,0.26322225094457946,80.10335917312663,70.48239037413597,46.2,C,57c764b4
0db783cfcd3b73998abc6e10e59a102f,12427.96,132,4.219858156028369,11.105633802816902,2.349485336540138,74.60003298697015,77.08742304980083,46.2,C,0db783cf
e24fc9fcd865784fb25705606fe3dfe7,16752.48,51,4.237288135593221,12.033898305084746,3.1966311939896075,75.16752069373275,74.32398339487627,46.2,C,e24fc9fc
d50d79cb34e38265a8649c383dcffd48,15337.46,70,4.260273972602739,12.35135135135135,2.919437810398331,75.91589678241478,73.3789269648539,46.2,C,d50d79cb
8d79c8a04e42d722a75097ce5cbcf2ef,3819.0499999999997,26,4.5588235294117645,17.323529411764707,0.6630548324251574,85.63611491108071,58.57677306375866,46.2,C,8d79c8a0
9616352088dcf83a7c06637f4ebf1c80,8452.92,91,4.282828282828283,11.97979797979798,1.57080037978287,76.65022316185107,74.48503984363255,46.2,C,96163520
4e06067cc08b3f41d837768d392c3ee3,2806.09,31,4.191489361702128,9.425531914893616,0.464622435821138,73.67639782285997,82.08907954970778,46.1,C,4e06067c
e3a386fc36e22064434e1fa256f6a9fa,1181.79,16,4.235294117647059,10.117647058823529,0.14643243640960227,75.10259917920656,80.02865557589749,46.1,C,e3a386fc
41b39e28db005d9731d9d485a83b4c38,31291.87,187,4.158536585365853,12.459349593495935,6.044804866060092,72.60351673284174,73.05741663641264,46.1,C,41b39e28
08d2d642cf72b622b14dde1d2f5eb2f5,1580.71,16,4.428571428571429,14.333333333333334,0.22457831744466342,81.39534883720931,67.4785746504285,46.1,C,08d2d642
9c0e69c7bf2619675bbadf47b43f655a,65545.48,151,4.058536585365854,14.647342995169081,12.754868367718016,69.34770277935337,66.54376916187823,46.1,C,9c0e69c7
7a2d2949aea47fab95fd98d6c9f618b1,2377.07,11,4.25,10.583333333333334,0.38058015696406905,75.5813953488372,78.6423094271538,46.1,C,7a2d2949
f9244d45189d3a3605499abddeade7d5,15902.16,20,4.35,14.6,3.030058934985965,78.83720930232558,66.68470906630583,46.1,C,f9244d45
f125f3a310c2e5f822d116147de1e474,6264.990000000001,16,4.363636363636363,13.772727272727273,1.1421988619521242,79.2811839323467,69.14749661705007,46.0,C,f125f3a3
cce6ab8d1682639fe45ab70234f1665f,3902.79,61,4.457142857142857,15.428571428571429,0.6794589637744908,82.32558139534885,64.21805528706747,46.0,C,cce6ab8d
17ca9b9e9b9ef8fdb529001b49ebb50f,14981.05,115,4.029850746268656,7.544776119402985,2.8496193669517598,68.4137452273516,87.68808191788015,46.0,C,17ca9b9e
c794dab4928dd97beb41d05514441e86,1544.59,16,4.375,13.375,0.21750264005825407,79.65116279069767,70.33152909336943,46.0,C,c794dab4
226b05fe067266c59c15dae208213d06,1496.68,10,4.181818181818182,9.181818181818182,0.20811737694687893,73.36152219873149,82.81461434370772,46.0,C,226b05fe
7008613ea464bad5cb9b83456e1e6a8f,16636.19,123,4.294117647058823,13.636363636363637,3.173850725460661,77.01778385772913,69.553450608931,46.0,C,7008613e
47efca563408aae19bb7206c2d969ea9,3010.73,11,4.363636363636363,13.272727272727273,0.5047101052661768,79.2811839323467,70.63599458728011,46.0,C,47efca56
2e1c9f22be269ef4643f826c9e650a52,15523.06,161,4.128491620111732,9.866666666666667,2.955795665407123,71.62530856177732,80.77582318448353,46.0,C,2e1c9f22
406822777a0b9eb5c50e442dd4cd3ec5,4817.59,44,4.34,13.058823529411764,0.8586624430958433,78.51162790697673,71.2727851627796,46.0,C,40682277
3f3486b61f45078d4f31ee5e43d8c5bb,4653.13,39,4.348837209302325,13.186046511627907,0.8264457791155311,78.79935100054082,70.89404286118892,46.0,C,3f3486b6
3bdff180c7e1f6551a643b99c265a120,4345.14,56,4.2,9.967213114754099,0.7661125045241632,73.95348837209302,80.47649681669958,46.0,C,3bdff180
6860153b69cc696d5dcfe1cdaaafcf62,6764.1,74,4.166666666666667,9.764705882352942,1.239971324309011,72.86821705426357,81.07936002547163,45.9,C,6860153b
d17f467e4bf608a510c20d82f4ba3b6b,3471.31,11,4.2727272727272725,11.545454545454545,0.594934786623663,76.3213530655391,75.77807848443842,45.9,C,d17f467e
a1474fd46fd3430168f7ec202da39408,4364.22,12,4.428571428571429,15.142857142857142,0.7698501547050239,81.39534883720931,65.06862555577035,45.9,C,a1474fd4
4324dd16853115efb0fd9d0d131ba6f4,2478.32,12,4.315789473684211,12.421052631578947,0.40041438551816494,77.7233782129743,73.17142653657147,45.9,C,4324dd16
17f51e7198701186712e53a39c564617,67584.27,56,4.365079365079365,22.095238095238095,13.1542543117556,79.32816537467698,44.37141568400027,45.9,C,17f51e71
daeb5653dd96c1b11860f72209795012,2603.22,38,4.2727272727272725,11.522727272727273,0.4248814980752668,76.3213530655391,75.84573748308526,45.9,C,daeb5653
0ac4201fda2c68ebc0e47cb9423cf3c9,2077.09,13,4.333333333333333,12.8,0.32181599023164736,78.29457364341084,72.04330175913397,45.9,C,0ac4201f
ea8482cd71df3c1969d7b9473ff13abc,60854.61,1132,3.9860312243221037,12.877450980392156,11.835956884285407,66.98706311746385,71.81273050492186,45.9,C,ea8482cd
723cd880edaacdb998898b67c8f9da30,3092.03,11,4.166666666666667,9.25,0.5206362561940582,72.86821705426357,82.61163734776726,45.9,C,723cd880
b33e7c55446eabf8fe1a42d037ac7d6d,48671.46,149,4.2064516129032254,16.019354838709678,9.449355584445076,74.1635408852213,62.45929547339475,45.9,C,b33e7c55
1a3df491d1c4f1589fc2b934ada68bf2,32839.61,160,4.236263736263736,14.73076923076923,6.3479972502805,75.13416815742397,66.29540959716874,45.9,C,1a3df491
4e7c18b98d84e05cbae3ff0ff03846c2,13905.26,81,4.197802197802198,11.423913043478262,2.6388789744953565,73.88193202146691,76.13990704241925,45.8,C,4e7c18b9
3d2531eccfbde1d7c8db7a3a12fb267a,2212.6,10,4.222222222222222,10.545454545454545,0.3483615340476033,74.67700258397933,78.75507442489851,45.8,C,3d2531ec
994f04b3718c2bab35c2adfa8afecd2a,5397.82,47,4.310344827586207,12.810344827586206,0.9723257955298489,77.54611066559744,72.01250524940508,45.8,C,994f04b3
3340ef1913fb70d28420f6ceb685c339,11887.28,32,4.363636363636363,14.863636363636363,2.243569576593189,79.2811839323467,65.89986468200271,45.8,C,3340ef19
abcd2cb37d46c2c8fb1bf071c859fc5b,7658.79,44,4.313725490196078,13.176470588235293,1.415235383025693,77.65617875056998,70.92255034625488,45.8,C,abcd2cb3
b74d1c09cb380e1d03a6f859c6f4224b,4361.7,30,4.2368421052631575,11.026315789473685,0.7693565027943441,75.15299877600978,77.32355245352895,45.8,C,b74d1c09
bd23da7354813347129d751591d1a6e2,11753.18,86,4.113636363636363,9.415730337078651,2.2173002427748756,71.14164904862578,82.11825880707303,45.8,C,bd23da73
15cd6eefe58588619aaed41dfa6621b1,2655.67,16,4.368421052631579,13.789473684210526,0.43515611820032707,79.43696450428396,69.09764261804715,45.8,C,15cd6eef
58f1a6197ed863543e0136bdedb3fce2,8349.7,44,4.155555555555556,9.883720930232558,1.5505802408065366,72.50645994832043,80.72505271108034,45.8,C,58f1a619
ebd2d60905fb58271facef5596b620d3,9980.03,82,4.261363636363637,12.363636363636363,1.869951478718627,75.95137420718817,73.34235453315291,45.8,C,ebd2d609
ef2fbc2b607d8492bcffe657a4645434,1602.56,19,4.0476190476190474,6.571428571428571,0.22885859294004113,68.99224806201549,90.58573361685676,45.8,C,ef2fbc2b
f789d2c4f2c2eb38fc4373e7a4b35264,7528.32,44,4.183673469387755,10.387755102040817,1.3896771430310964,73.42192691029899,79.224545027754,45.8,C,f789d2c4
634964b17796e64304cadf1ad3050fb7,83090.4,265,3.894894894894895,13.906906906906906,16.19180617752867,64.01983378727564,68.74804439080488,45.8,C,634964b1
efcd8d2104f1a05d028af7bad20d974b,4454.78,46,4.192982456140351,10.105263157894736,0.7875902805110379,73.7250101999184,80.06552239868955,45.8,C,efcd8d21
67bf6941ba2f1fa1d02c375766bc3e53,9971.48,15,4.238095238095238,12.0,1.868276588307392,75.1937984496124,74.42489851150204,45.7,C,67bf6941
9674754b5a0cb32b638cec001178f799,7809.74,84,4.05,7.69,1.444805524262639,69.06976744186045,87.25575101488498,45.7,C,9674754b
c9c7905cffc4ef9ff9f113554423e671,15877.83,127,4.13986013986014,10.685314685314685,3.0252928433245216,71.99544641405107,78.3387113563027,45.7,C,c9c7905c
9b013e03b2ab786505a1d3b5c0756754,17367.67,170,3.995475113122172,7.722466960352423,3.3171429872162177,67.2945385667684,87.15909700571675,45.7,C,9b013e03
817f85dbb65aa3e70831d90fe75cdf89,1783.8899999999999,11,4.545454545454546,17.636363636363637,0.26437998221129255,85.20084566596195,57.645466847090674,45.7,C,817f85db
391fc6631aebcf3004804e51b40bcf1e,70773.03,521,3.9619651347068148,13.930817610062894,13.778912036636182,66.20351601371026,68.67686232457596,45.7,C,391fc663
0c8380b62e38e8a1e6adbeba7eb9688c,31970.64,180,4.1068376068376065,12.025423728813559,6.177771575350597,70.92029417610811,74.34921217403271,45.7,C,0c8380b6
f262cbc1c910c83959f849465454ddd3,14803.32,189,4.032258064516129,8.29816513761468,2.8148031946957652,68.4921230307577,85.44524586907673,45.6,C,f262cbc1
d9442042130b7fe579d1295f9f4a248f,1447.2,19,4.2272727272727275,10.863636363636363,0.1984245608594057,74.84143763213531,77.80784844384303,45.6,C,d9442042
85d9eb9ddc5d00ca9336a2219c97bb13,25544.22,499,4.239776951672862,14.264325323475045,4.9188769277988635,75.24855191493039,67.68401121563586,45.6,C,85d9eb9d
9add47bf45ce8e8c7db6b9cf670b1e09,6417.74,41,4.255813953488372,12.08695652173913,1.1721216116966982,75.77068685776094,74.16602929928811,45.6,C,9add47bf
b18dc380845b24038cfc48006478f099,10560.21,43,4.297872340425532,13.520833333333334,1.983605036471865,77.14002968827313,69.89738385205231,45.6,C,b18dc380
c8b0e2b0a7095e5d8219575d5e7e1181,14010.79,84,4.089887640449438,9.477777777777778,2.659551627723147,70.36843480533055,81.93354382799579,45.6,C,c8b0e2b0
2528513dd95219a6013d4d05176e391a,39522.270000000004,160,3.9943181818181817,10.720670391061452,7.657087677829287,67.25687103594079,78.23345756382247,45.6,C,2528513d
78c99c6dff4eeae5be99bf635ed21e3f,3821.22,31,4.333333333333333,13.564102564102564,0.663479921570465,78.29457364341084,69.76857152770549,45.5,C,78c99c6d
3dbbce181edfaa4a597ec858c382d2ec,1776.24,17,4.35,13.8,0.262881396053872,78.83720930232558,69.06630581867388,45.5,C,3dbbce18
817245bcc3badd82bbd222e0366951a6,11849.09,28,4.15,10.590909090909092,2.236088399423007,72.32558139534885,78.61975642760487,45.5,C,817245bc
530ec6109d11eaaf87999465c6afee01,17326.2,94,4.10091743119266,10.34862385321101,3.3090192789876913,70.72754427138894,79.34103859666547,45.5,C,530ec610
72c5da29406b4234927b81855e7b64f6,12723.05,31,4.129032258064516,10.258064516129032,2.4072915834935023,71.64291072768192,79.61063337552928,45.5,C,72c5da29
669ae81880e08f269a64487cfb287169,21208.25,161,4.127659574468085,11.44973544973545,4.069488088453647,71.59821870361208,76.06303384381869,45.5,C,669ae818
138dbe45fc62f1e244378131a6801526,2804.17,49,3.9827586206896552,5.879310344827586,0.46424632007966765,66.88051323175624,92.64616676776632,45.5,C,138dbe45
98dac6635aee4995d501a3972e047414,26444.3,89,3.9507389162561575,8.165853658536586,5.095196853102277,65.83801122694466,85.83913660516849,45.5,C,98dac663
fbc14c0cf93505ef89f64665ffa4a7b5,13061.11,18,4.176470588235294,11.61111111111111,2.4735153790984175,73.187414500684,75.58261915501429,45.4,C,fbc14c0c
f214d28e8d8e3ef068748498ccc2f813,3429.1400000000003,52,4.140350877192983,9.517241379310345,0.5866739528643918,72.01142390860873,81.81606084643741,45.4,C,f214d28e
128639473a139ac0f3e5f5ade55873a5,24235.79,527,4.209964412811388,13.829225352112676,4.662563844667647,74.27791111478938,68.97930206407594,45.4,C,12863947
8b8cfc8305aa441e4239358c9f6f2485,13110.7,15,4.2,12.066666666666666,2.4832297434835797,73.95348837209302,74.22643211547137,45.4,C,8b8cfc83
7b1222c3624aa89b9558b50a2594188c,10561.09,22,4.454545454545454,17.272727272727273,1.9837774228533722,82.24101479915433,58.72801082543979,45.4,C,7b1222c3
45d33f715e24d15a6ccf5c17b3a23e3c,7743.53,56,4.186440677966102,11.016949152542374,1.4318354079903752,73.51202207331495,77.35143689364924,45.4,C,45d33f71
13d058e4eeac2ce8217660b2f8a05812,4647.37,22,4.181818181818182,10.818181818181818,0.8253174318911202,73.36152219873149,77.94316644113667,45.3,C,13d058e4
51702dc2a3e106c76dbff722b5bf0726,3663.8,13,4.357142857142857,14.428571428571429,0.6326423486422105,79.06976744186045,67.19505122752756,45.3,C,51702dc2
5c6d4016c2a288f074fa0848a2b653d2,4132.14,31,4.171428571428572,10.542857142857143,0.7243871644548059,73.0232558139535,78.76280688188672,45.3,C,5c6d4016
582d4f8675b945722eda7c0cb61ba4c7,11027.880000000001,59,4.112676056338028,10.126760563380282,2.0752186035621767,71.1103832296102,80.00152470982866,45.3,C,582d4f86
db4350fd57ae30082dec7acbaacc17f9,6620.4,136,4.156462585034014,10.405405405405405,1.2118214117833457,72.5359911406423,79.17200014628973,45.3,C,db4350fd
cc63f0dd2acba93ffed4fe9f8e0321fa,10769.9,55,4.0476190476190474,8.555555555555555,2.024681968674417,68.99224806201549,84.67899563975342,45.3,C,cc63f0dd
17908cf9b444ee34047cadd5c0f4a516,2495.41,11,4.545454545454546,18.363636363636363,0.403762207404481,85.20084566596195,55.48037889039243,45.3,C,17908cf9
1cbd32d00d01bb8087a5eb088612fd9c,1353.63,11,4.25,11.75,0.18009479527119085,75.5813953488372,75.16914749661706,45.3,C,1cbd32d0
bce6a5ecf98e99fd2a8868b15c51f04b,3972.7799999999997,14,4.1875,10.75,0.6931695579127739,73.54651162790698,78.14614343707714,45.3,C,bce6a5ec
45ba18c210d42734ec52c0c1c574e9ee,6323.68,35,4.023809523809524,7.5,1.1536958582369623,68.21705426356588,87.82138024357239,45.3,C,45ba18c2
921323538c9f1c4e816f2720eac02bea,1988.64,15,4.055555555555555,7.666666666666667,0.3044891999540199,69.25064599483203,87.32521425349572,45.3,C,92132353
8b9d6eec4a7eb7d0f9d579ce0b38324d,7221.92,48,4.115384615384615,9.596153846153847,1.3296553392881338,71.19856887298747,81.58113875299262,45.3,C,8b9d6eec
04e38a233f726ef161074ab1c9b0399a,2004.73,19,4.2,10.8,0.30764112822498685,73.95348837209302,77.99729364005412,45.3,C,04e38a23
b4ffb71f0cb1b1c3d63fad021ecf93e1,13413.6,143,4.049180327868853,9.229508196721312,2.5425659195728203,69.04308044224172,82.67264136294062,45.2,C,b4ffb71f
d1b9d4be4b6f9ebd85f8acd6745ba612,1524.09,11,4.181818181818182,10.454545454545455,0.2134868209435976,73.36152219873149,79.02571041948579,45.2,C,d1b9d4be
822166ed1e47908f7cfb49946d03c726,11703.9,69,4.163522012578617,11.409937888198758,2.207646605410472,72.76583296767589,76.18151102295363,45.2,C,822166ed
38e679b9e0064cd94c6f035707344dae,4520.52,27,4.178571428571429,10.758620689655173,0.8004683267840876,73.25581395348838,78.12047967896972,45.2,C,38e679b9
5c853bb56f70f4d14218944bae111d7a,838.96,23,4.076923076923077,8.076923076923077,0.07927422825947192,69.9463327370304,86.10388258561466,45.2,C,5c853bb5
ff1fb4c404b2efe68b03350a8dc24122,8400.11,46,4.098039215686274,9.588235294117647,1.5604552379562846,70.63383492932054,81.6047122502587,45.2,C,ff1fb4c4
7ecd59e5e20407131822c1a68ac59c1f,3231.68,24,4.466666666666667,16.966666666666665,0.5479927995775593,82.63565891472868,59.63915200721697,45.2,C,7ecd59e5
6426d21aca402a131fc0a5d0960a3c90,1593.82,23,4.1923076923076925,10.692307692307692,0.22714648274189003,73.70304114490162,78.31789320287291,45.2,C,6426d21a
4559697a8f7e637227c2eeaed843baff,4381.8099999999995,39,4.238095238095238,12.30952380952381,0.7732959233990143,75.1937984496124,73.50344738707392,45.1,C,4559697a
c731d18cea9bf687ffee82a241c25b11,5211.74,24,4.0,7.148148148148148,0.9358739115856891,67.44186046511628,88.86884177817872,45.1,C,c731d18c
a369d693961cb93b61ca2cc518872a85,6092.17,11,4.111111111111111,9.666666666666666,1.1083445273474932,71.05943152454779,81.37122237257556,45.1,C,a369d693
5a05a16bb50629ee31afab8a6d4c2674,1217.1399999999999,14,4.0,6.6,0.1533572757121928,67.44186046511628,90.50067658998647,45.1,C,5a05a16b
0b90b6df587eb83608a64ea8b390cf07,52004.88,163,4.0327102803738315,14.083720930232559,10.102351279722056,68.50684633775265,68.22166976114801,45.1,C,0b90b6df
65b081a070633e057c462abdd6fb9dd8,2537.23,19,4.2272727272727275,11.863636363636363,0.41195447839838006,74.84143763213531,74.83085250338296,45.1,C,65b081a0
6f83d9e4da896daae20b9b6b2d3ff8d2,1217.55,11,4.363636363636363,14.636363636363637,0.1534375920944859,79.2811839323467,66.57645466847092,45.1,C,6f83d9e4
83deb69e889cf80f82be1dc6d5f2d486,6572.63,40,4.357142857142857,15.261904761904763,1.2024635737781195,79.06976744186045,64.71422127714416,45.1,C,83deb69e
f80edd2c5aaa505cc4b0a3b219abf4b8,13973.83,116,4.147286821705427,11.576923076923077,2.652311399699844,72.2372453578511,75.68439679400439,45.1,C,f80edd2c
542917da124346b47ea1ac79a93ce454,1744.99,20,4.190476190476191,10.952380952380953,0.25675972057421276,73.64341085271319,77.54365616341259,45.1,C,542917da
3d8fa2f5b647373c8620330c4e077a9f,5607.7699999999995,42,4.065217391304348,8.7,1.0134536600723913,69.56521739130433,84.2489851150203,45.1,C,3d8fa2f5
dc317f341ab0e22f39acbd9dbf9b4a1f,24466.07,55,4.083333333333333,11.716666666666667,4.707674226410236,70.15503875968992,75.26838069463238,45.0,C,dc317f34
2d2c62bef4c8ba0dd74e0e228e808539,4253.33,16,4.125,9.9375,0.7481275116989627,71.51162790697674,80.56495263870094,45.0,C,2d2c62be
0ed6ce5d87fd9c69eaacaeb778d67235,2697.3,42,4.390243902439025,15.547619047619047,0.44331116940730986,80.14747589336359,63.863651008441266,45.0,C,0ed6ce5d
40d54b51e962dbe09cabbcfd33298dee,7551.4,30,3.9705882352941178,7.0,1.3941983676733536,66.484268125855,89.30987821380243,45.0,C,40d54b51
7c4618c82226628831613e95e9c22f44,535.99,13,4.142857142857143,9.928571428571429,0.0199243396171565,72.09302325581396,80.59153295959791,45.0,C,7c4618c8
8ab42aa58097fd4668d60cc648225d5f,5050.349999999999,20,4.153846153846154,10.692307692307692,0.9042586410044986,72.45080500894456,78.31789320287291,45.0,C,8ab42aa5
7142540dd4c91e2237acb7e911c4eba2,47379.55,316,4.064896755162242,14.263157894736842,9.196278663839427,69.55477807504974,67.68748664625028,45.0,C,7142540d
f5f2ab9bdb6b30c14c61be68c5ed37da,2480.02,18,4.277777777777778,13.0,0.40074740466425834,76.48578811369508,71.44790257104195,45.0,C,f5f2ab9b
5b8154610ebb21fb90eb587365e673df,11010.64,37,4.190476190476191,12.357142857142858,2.071841397633558,73.64341085271319,73.36168567562343,45.0,C,5b815461
8f2ce03f928b567e3d56181ae20ae952,36500.32,151,4.1104651162790695,13.959537572254336,7.065106966925088,71.03839913466737,68.59136311372187,45.0,C,8f2ce03f
974cf2cb8f4b7add98709c30df02fe10,3191.9,30,4.166666666666667,10.7,0.5402001515589724,72.86821705426357,78.29499323410013,45.0,C,974cf2cb
8b321bb669392f5163d04c59e235e066,39006.9,930,4.021696252465484,12.212180746561886,7.556129985286823,68.14825008027155,73.79323729034351,45.0,C,8b321bb6
1430239a858e7682bbc43b20758af153,1405.72,17,4.0,6.863636363636363,0.1902988936947252,67.44186046511628,89.71583220568336,45.0,C,1430239a
001cca7ae9ae17fb1caed9dfb1094831,47557.950000000004,195,3.9742489270386265,12.60593220338983,9.231226084817706,66.60345343846691,72.62104080181648,44.9,C,001cca7a
655220df33262c7e0c4949a147366f94,4006.6499999999996,13,4.2,11.733333333333333,0.6998044746646478,73.95348837209302,75.21876409562472,44.9,C,655220df
bd697db56ff8e7c9cd1abeb7f72029b2,3377.62,21,4.125,10.03125,0.5765815138016064,71.51162790697674,80.28585926928281,44.9,C,bd697db5
1b7e5006cb25dd23ce8686691013b121,2785.96,11,4.363636363636363,15.090909090909092,0.4606790973441606,79.2811839323467,65.22327469553451,44.9,C,1b7e5006
41b86b552e54e3a7009596125aa8b167,2203.46,10,4.363636363636363,15.090909090909092,0.34657106640331253,79.2811839323467,65.22327469553451,44.9,C,41b86b55
323ce52b5b81df2cd804b017b7f09aa7,2767.65,29,4.428571428571429,16.655172413793103,0.45709228524711865,81.39534883720931,60.56646913349821,44.9,C,323ce52b
827f8f69dfa529c561901c4f2e0f332f,6870.42,91,4.220183486238532,12.54954954954955,1.2607987334929267,74.61062513334754,72.78889173341136,44.9,C,827f8f69
1b8356dabde1d35e17cef975c3f82730,5209.91,55,4.092307692307692,9.461538461538462,0.9355154262696003,70.44722719141322,81.98188820651609,44.9,C,1b8356da
3ade81dab5a172b88e1871c28ae05260,7722.93,28,4.241379310344827,13.2,1.427799999514184,75.30072173215717,70.85250338294993,44.9,C,3ade81da
28f10b1c5e5abb9d4857745bede6147c,1185.42,28,4.0,7.178571428571429,0.1471435302333195,67.44186046511628,88.77827179586313,44.8,C,28f10b1c
86ccac0b835037332a596a33b6949ee1,29173.94,178,4.023148148148148,11.31651376146789,5.629915901303782,68.19552110249784,76.45963426897245,44.8,C,86ccac0b
056b4ada5bbc2c50cc7842547dda6b51,13834.89,64,4.15625,12.307692307692308,2.6250939407832403,72.52906976744185,73.50889976059123,44.8,C,056b4ada
7e1fb0a3ebfb01ffb3a7dae98bf3238d,34006.3,155,4.169590643274854,15.144508670520231,6.576544372372137,72.96341629266966,65.06370896462178,44.8,C,7e1fb0a3
a17f621c590ea0fab3d5d883e1630ec6,5847.74,63,4.157894736842105,11.2,1.060462250947714,72.58261933904528,76.80649526387009,44.8,C,a17f621c
cfb1a033743668a192316f3c6d1d2671,27293.8,143,4.055837563451776,11.787878787878787,5.2616084793413345,69.25982764726713,75.05638249887235,44.8,C,cfb1a033
ce248b21cb2adc36282ede306b7660e5,16134.05,64,4.268656716417911,15.014925373134329,3.0754847054492664,76.1888233252343,65.44947791489105,44.8,C,ce248b21
bd0389da23d89b726abf911cccc54596,10994.1,87,4.208791208791209,12.978021978021978,2.068601317235684,74.23971377459749,71.51333105324987,44.8,C,bd0389da
8a32e327fe2c1b3511609d81aaf9f042,13975.58,126,3.983050847457627,8.53631284916201,2.652654213526705,66.89002759164367,84.73628109857047,44.8,C,8a32e327
1900267e848ceeba8fa32d80c1a5f5a8,58888.52,406,3.892416225749559,12.525217391304349,11.450812406083703,63.939132931380996,72.86132846972995,44.7,C,1900267e
4de6e4ba574aa9dfdc824bc44dc47fdd,704.42,14,4.066666666666666,8.733333333333333,0.05291870125040462,69.61240310077518,84.14975191700496,44.7,C,4de6e4ba
6d22a1fcebb6dd08c9cd90b92a93e8d0,1093.92,12,4.357142857142857,15.214285714285714,0.1292192644288773,79.06976744186045,64.85598298859463,44.7,C,6d22a1fc
c8417879a15366a17c30af34c798c332,6844.81,25,4.029411764705882,8.8,1.2557818980038364,68.39945280437756,83.9512855209743,44.7,C,c8417879
a3f0b55de503387383c7b1de3ad7f678,6786.14,24,4.172413793103448,11.89655172413793,1.244288819591305,73.05533279871692,74.732863608791,44.7,C,a3f0b55d
33c51922b6e3c16b24a8f28e5833c99d,7728.48,18,4.277777777777778,14.25,1.4288872090793714,76.48578811369508,67.72665764546684,44.7,C,33c51922
93b9a99027bd8bd6af682aff18dd19bf,2464.19,19,4.157894736842105,10.9,0.39764640873328216,72.58261933904528,77.69959404600812,44.7,C,93b9a990
863d2ebcd347ce4922de7a0f9a5581d6,1808.88,17,4.157894736842105,10.789473684210526,0.2692753636588665,72.58261933904528,78.02863043942739,44.7,C,863d2ebc
004c9cd9d87a3c30c522c48c4fc07416,28502.65,156,4.122549019607843,13.815533980582524,5.498414476256088,71.43182854537162,69.02006122154052,44.6,C,004c9cd9
a5a1bfcf728ab0e19182959cf0771ee4,2826.23,21,4.24,12.96,0.46856773323426865,75.25581395348838,71.56698240866035,44.6,C,a5a1bfcf
54c04bdb5ec46762f8f08c7e8f86ed4a,3994.23,18,4.315789473684211,14.842105263157896,0.697371475962012,77.7233782129743,65.96396268072075,44.6,C,54c04bdb
813348c996469b40f2e028d5429d3495,18359.02,172,3.9948453608247423,9.685279187817258,3.511342122792544,67.27403500359625,81.31581297266851,44.6,C,813348c9
624f4ece8da4aafb77699233d480f8ef,12200.73,52,4.185185185185185,13.018518518518519,2.304972430324363,73.47114556416882,71.39277301658899,44.6,C,624f4ece
3969863bb8af7f72580b3b1ffd3a17b3,1167.63,12,4.071428571428571,9.285714285714286,0.1436585828162591,69.76744186046511,82.5053160641794,44.5,C,3969863b
403aa86912527d730337ffcb0fb096ab,9164.509999999998,11,4.090909090909091,10.75,1.7101963175291324,70.40169133192389,78.14614343707714,44.5,C,403aa869
8cbac7e12637ed9cffa18c7875207478,7204.3,66,4.2,12.894117647058824,1.3262036937856827,73.95348837209302,71.7631139059142,44.5,C,8cbac7e1
dfa0c4c6229ab200a4a1336b4d7128ff,8442.71,77,4.022988505747127,9.172413793103448,1.5688003059701554,68.1903234429297,82.84261117073399,44.5,C,dfa0c4c6
0dd184061fb0eaa7ca37932c68ab91c5,35563.15,161,3.9384615384615387,10.928571428571429,6.881521347428377,65.43828264758498,77.61453701913783,44.5,C,0dd18406
1464afc72f696af775557a821c2e253f,1578.46,29,4.129032258064516,10.612903225806452,0.22413755681012795,71.64291072768192,78.55427997730149,44.5,C,1464afc7
cb3dd9ce66268c7a3ca7241ac70ab58c,4073.7200000000003,48,4.228070175438597,13.070175438596491,0.7129430594461117,74.86740106079152,71.23899057522019,44.5,C,cb3dd9ce
2be17df1c49978426251562096c3cc09,2507.0099999999998,16,4.176470588235294,11.647058823529411,0.4060345733425303,73.187414500684,75.47560296107618,44.5,C,2be17df1
3361277dc30b7cccdb0c286b24219756,9204.48,29,4.214285714285714,13.357142857142858,1.7180261853346357,74.4186046511628,70.38468973516335,44.5,C,3361277d
2d42ebcda99fd55f6f4bc2f1ca035d50,1427.07,10,4.071428571428571,9.357142857142858,0.19448122238242838,69.76744186046511,82.29267349700368,44.4,C,2d42ebcd
522620dcb18a6b31cd7bdf73665113a9,70389.14,172,3.89010989010989,14.6,13.703710436639819,63.86404293381038,66.68470906630583,44.4,C,522620dc
0adac9fbd9a2b63cccaac4f8756c1ca8,31112.67,106,4.0212765957446805,12.205673758865249,6.009700730189533,68.1345868381989,73.81260856630102,44.4,C,0adac9fb
4992e76a42cb3aad7a7047e0d3d7e729,6109.39,56,3.951219512195122,7.390243902439025,1.1117178154038045,65.85365853658536,88.14812370045216,44.4,C,4992e76a
c3867b4666c7d76867627c2f7fb22e21,45565.02,228,4.043824701195219,14.692913385826772,8.840823821980031,68.8687112017048,66.40810629388511,44.4,C,c3867b46
ececbfcff9804a2d6b40f589df8eef2b,9761.97,97,4.153153153153153,12.27027027027027,1.8272349169556028,72.42824219568405,73.62030501408039,44.4,C,ececbfcf
53d00c40e32aeb924a84ce72b1af869d,2649.55,17,4.352941176470588,15.705882352941176,0.43395724927439056,78.93296853625169,63.3925017909735,44.4,C,53d00c40
f61c63d13f7cd800549d5acdd390ae72,3501.69,26,4.133333333333334,11.066666666666666,0.6008860346579685,71.78294573643413,77.20342805593144,44.4,C,f61c63d1
9596c870880d900012f2e8e6e30d06d7,10771.39,21,4.173913043478261,13.08695652173913,2.024973850161287,73.10414560161779,71.18903335882803,44.3,C,9596c870
7ea5bfa6c340f58f8e71fc1f0412b0d6,13672.6,96,4.137614678899083,12.72972972972973,2.593302365948236,71.92233838276083,72.2524960684636,44.3,C,7ea5bfa6
6ec1a01e866584bb679eb9b098345919,5028.21,30,4.266666666666667,14.28125,0.8999215563606697,76.12403100775194,67.63362652232748,44.3,C,6ec1a01e
1b1ae47a313a825a7ccceb8e2e30fa9d,2413.37,10,4.090909090909091,10.083333333333334,0.3876910952012411,70.40169133192389,80.13080739738385,44.3,C,1b1ae47a
3ab971ce71839580d2ae5b4e40fe8044,6294.47,35,3.9,6.439024390243903,1.1479738057326152,64.18604651162791,90.97990032674346,44.3,C,3ab971ce
b8555308bfdb4ca1ed54325a58da9a97,4092.23,26,4.071428571428571,9.892857142857142,0.7165690502662234,69.76744186046511,80.69785424318577,44.3,C,b8555308
432c37c9dfba871172ec162e20118b8c,5616.74,44,4.310344827586207,15.413793103448276,1.015210825802073,77.54611066559744,64.26205030096588,44.3,C,432c37c9
1b4c3a6f53068f0b6944d2d005c9fc89,20449.82,111,4.147826086956521,13.758620689655173,3.920916493764432,72.25480283114256,69.18949185758947,44.3,C,1b4c3a6f
4c03b9dd4c11ee2cb35c96c49efc9420,7374.76,48,4.061224489795919,10.18,1.3595957194580894,69.43521594684387,79.84303112313938,44.3,C,4c03b9dd
2e90cb1677d35cfe24eef47d441b7c87,19795.71,127,4.05,11.714285714285714,3.7927805210284355,69.06976744186045,75.27546878020492,44.2,C,2e90cb16
0be8ff43f22e456b4e0371b2245e4d01,16874.91,156,3.9831460674157304,9.842696629213483,3.220614449316798,66.8931277763261,80.84718188867434,44.2,C,0be8ff43
cbd996ad3c1b7dc71fd0e5f5df9087e2,15068.32,160,4.12041884816754,12.638190954773869,2.866715002763275,71.36247412638501,72.52500662990188,44.2,C,cbd996ad
271c58a1d139c45eaf3316107c6d3a3b,4232.55,27,4.185185185185185,12.666666666666666,0.7440568423720085,73.47114556416882,72.44023455119532,44.2,C,271c58a1
4305fe92735c8a43d154ff6dd2b8d927,3628.86,17,4.105263157894737,10.947368421052632,0.625797825721913,70.86903304773563,77.55857844882843,44.1,C,4305fe92
4e922959ae960d389249c378d1c939f5,60251.9,412,3.9125799573560767,14.16490486257928,11.717889843378353,64.59562651856994,67.97998552412122,44.1,C,4e922959
373ee4a3a775a733770ca3f790b8b9ac,3902.08,13,4.04,9.56,0.6793198793075929,68.74418604651163,81.68876860622463,44.1,C,373ee4a3
a3e9a2c700480d9bb01fba070ba80a0e,21336.98,129,4.066265060240964,12.44047619047619,4.094705473557536,69.59932754272906,73.11360268058509,44.1,C,a3e9a2c7
d94a40fd42351c259927028d163af842,20654.55,100,4.10091743119266,13.089285714285714,3.961021793634852,70.72754427138894,71.18209936207231,44.1,C,d94a40fd
3db66a856d18a9cba7c9241fc5221c50,12248.95,94,4.219047619047619,14.761904761904763,2.3144184204564966,74.57364341085272,66.20271924737419,44.0,C,3db66a85
6a8a889bde935bafa76d7848782dfaf9,1693.66,26,3.933333333333333,7.166666666666667,0.24670450129834373,65.27131782945736,88.81371222372576,44.0,C,6a8a889b
6b243f80ed07b10f0e8aa0f21a205f3c,10996.5,79,4.033333333333333,10.5,2.0690714619125217,68.52713178294573,78.89039242219215,44.0,C,6b243f80
575df70bde3f9f2b30bf8d2e9910d725,8878.27,27,4.142857142857143,12.628571428571428,1.6541237290716078,72.09302325581396,72.5536439203557,44.0,C,575df70b
ec8879960bd2221d5c32f8e12f7da711,4756.26,35,4.314285714285714,15.88888888888889,0.8466482876664831,77.67441860465115,62.847692076379495,44.0,C,ec887996
3bb548e3cb7f70f28e3f11ee9dce0e59,13866.31,46,4.0,10.314814814814815,2.6312489181775094,67.44186046511628,79.4416879667218,43.9,C,3bb548e3
7e3f87d16fb353f408d467e74fbd8014,6415.22,91,4.127659574468085,12.117021276595745,1.1716279597860184,71.59821870361208,74.07652664612904,43.9,C,7e3f87d1
272f092de69afedd4d2969440b37f18f,4368.93,25,4.0,9.075,0.7707728136333182,67.44186046511628,83.13261163734776,43.9,C,272f092d
f27e33c6d29b5138fa9967bcd445b6d5,11944.27,93,4.091836734693878,12.061224489795919,2.254733553731934,70.43189368770766,74.24263345392285,43.9,C,f27e33c6
cb9fb4ca75d7ba8437480e8dde64fe98,773.4,10,4.0,8.7,0.06643144283718522,67.44186046511628,84.2489851150203,43.9,C,cb9fb4ca
9dda5bbacd45e18d6485fee649205d09,4120.37,19,4.2272727272727275,14.227272727272727,0.7220814966021469,74.84143763213531,67.79431664411368,43.8,C,9dda5bba
3be634553519fb6536a03e1358e9fdc7,9958.75,80,3.9696969696969697,9.343434343434344,1.8657828625839983,66.4552501761804,82.33348368666366,43.8,C,3be63455
cda598c48d7c614bc1cad7d8ff6f0010,1802.8200000000002,17,3.9444444444444446,7.777777777777778,0.268088248349851,65.63307493540051,86.99443692677792,43.8,C,cda598c4
55d3daac7c404d59e51c2aa2f4dc5a23,8922.04,21,3.9285714285714284,8.357142857142858,1.6626979926154375,65.11627906976743,85.26966943746376,43.8,C,55d3daac
25e47381a6c510ddeb36084e33b89f0c,1625.91,16,4.0,8.833333333333334,0.23343270885844253,67.44186046511628,83.85205232295895,43.8,C,25e47381
59b22a78efb79a4797979612b885db36,34845.08,125,3.9416058394160585,11.94927536231884,6.740856019054651,65.54065523680191,74.57590555196016,43.8,C,59b22a78
5075aaa8404020ae6aa8bf4792099b41,2426.57,10,4.133333333333334,11.866666666666667,0.3902768909238492,71.78294573643413,74.82183130356339,43.8,C,5075aaa8
4bf2f4ee540798a61f9636d12cd9cc80,5899.07,29,4.166666666666667,13.133333333333333,1.070517470223583,72.86821705426357,71.05096977898062,43.8,C,4bf2f4ee
06e5eefc71ec47ae763c5c6f8db7064f,25302.76,90,3.9263157894736844,10.484536082474227,4.871576455436671,65.04283965728276,78.93642844188999,43.8,C,06e5eefc
3481aa57cd91f9f9d3fa1fa12d9a3bf7,2584.8,25,4.0344827586206895,9.827586206896552,0.42127313768053665,68.5645549318364,80.89216555457048,43.8,C,3481aa57
7a425d299613df3e613bcf9d2eaf5c49,1505.47,18,4.157894736842105,12.263157894736842,0.20983928182579745,72.58261933904528,73.64147852717043,43.8,C,7a425d29
48162d548f5b1b11b9d29d1e01f75a61,43782.270000000004,66,3.8541666666666665,11.447916666666666,8.491594479216433,62.6937984496124,76.06844835363103,43.7,C,48162d54
aaed1309374718fdd995ee4c58c9dfcd,12901.22,104,4.045045045045045,11.702702702702704,2.442193948940251,68.90844332704798,75.30995135866584,43.6,C,aaed1309
094ced053e257ae8cae57205592d6712,2122.26,19,4.1,11.55,0.330664504836966,70.69767441860463,75.76454668470907,43.6,C,094ced05
fe701d88b67eaca109dffd464d1be9f9,1578.02,10,4.083333333333333,11.0,0.22405136361937436,70.15503875968992,77.40189445196211,43.6,C,fe701d88
afa6714acee029b2dfdf357e5579cc03,3818.64,16,4.111111111111111,11.88888888888889,0.6629745160428643,71.05943152454779,74.75567583821982,43.6,C,afa6714a
4b5f66b7adcf57f1ecc0d3c07dd6b177,17757.97,23,4.081081081081081,13.157894736842104,3.3936002652869703,70.08170961659333,70.97785058044299,43.6,C,4b5f66b7
6fc26fe110feebd80a433e1f012a84f9,14493.68,35,4.014084507042254,11.16,2.754146695639071,67.90042581067803,76.9255751014885,43.6,C,6fc26fe1
392e0502231ae2f8b29994ef6398cd77,1882.79,17,4.352941176470588,17.058823529411764,0.2837538607693181,78.93296853625169,59.36480140093927,43.6,C,392e0502
0691148aee60ca47977c187804f935ae,11171.33,47,4.068965517241379,12.172413793103448,2.1033195426840043,69.68724939855653,73.91162334935375,43.5,C,0691148a
e601b04acf48b4576e73ddca9481f0dc,888.61,15,3.875,6.625,0.08900034626155451,63.372093023255815,90.42625169147496,43.5,C,e601b04a
7178f9f4dd81dcef02f62acdf8151e01,43490.74,202,4.009049773755656,15.031531531531531,8.43448561353371,67.73650426181206,65.40004144875593,43.5,C,7178f9f4
6c177e38df6d3f34182b1f1d427231bf,9277.94,53,4.160714285714286,13.875,1.7324165303181804,72.67441860465115,68.84303112313938,43.5,C,6c177e38
6a8b085f816a1f75f92dbac6eb545f8f,9182.38,125,4.164179104477612,14.0,1.7136969364354209,72.78722665741063,68.47090663058188,43.5,C,6a8b085f
8090490573c6c0aa343a7231ebcb8c86,4298.03,26,4.074074074074074,11.481481481481481,0.7568839563050672,69.85357450473731,75.96852603618504,43.4,C,80904905
b5e3e38609125694d2ea2417522a60b7,1511.98,16,4.352941176470588,17.235294117647058,0.2111145492617201,78.93296853625169,58.8394491761522,43.4,C,b5e3e386
1f9ab4708f3056ede07124aad39a2554,16132.23,76,4.113924050632911,14.025,3.0751281790693317,71.15101560200175,68.39648173207036,43.4,C,1f9ab470
3df020b72d3d44b3af9d110fa3940b65,17550.45,55,4.027522935779817,12.321100917431192,3.3529484222297263,68.33795604864518,73.46898238383137,43.4,C,3df020b7
5882820ef11c4c068eea0677a7a879b4,10664.81,14,4.133333333333334,13.625,2.00409550863738,71.78294573643413,69.5872801082544,43.4,C,5882820e
5b33b527da3c5b969cc99dc435cad09a,2331.7200000000003,16,4.117647058823529,12.294117647058824,0.37169638150798756,71.2722298221614,73.54931147019023,43.4,C,5b33b527
5d0363b33554b373851fc1622e4d5f3c,9005.4,93,4.082474226804123,12.288659793814434,1.679027684390938,70.12706784943657,73.56555947714241,43.4,C,5d0363b3
1987cd4be10fe09ee50454f9c354d1c6,3684.51,14,4.25,15.3125,0.6366993054160903,75.5813953488372,64.56359945872802,43.4,C,1987cd4b
d1c281d3ae149232351cd8c8cc885f0d,43184.3,214,3.8410852713178296,11.742307692307692,8.374455974046134,62.26789255453399,75.19204746538982,43.3,C,d1c281d3
ec80e49e69745ab6c14f984bf2149423,3897.31,12,4.083333333333333,11.846153846153847,0.6783854667623777,70.15503875968992,74.88289788695742,43.3,C,ec80e49e
d97df38225e5abadaff1e72cb72b823c,2410.8,28,4.064516129032258,11.46875,0.387187648609794,69.54238559639909,76.00642760487145,43.2,C,d97df382
5b67882648febfb6e1225e6ad7164f6b,8614.32,27,4.0606060606060606,12.151515151515152,1.6024176093002143,69.41508104298802,73.97383852052323,43.2,C,5b678826
f00e21b1e91a79653163b7fd8f293ff1,4492.85,31,4.1,12.516129032258064,0.7950479504473781,70.69767441860463,72.88838447771619,43.2,C,f00e21b1
fdaaf5bfda82b7b80535610c831b8d09,5053.900000000001,10,4.0,10.5,0.9049540633389881,67.44186046511628,78.89039242219215,43.1,C,fdaaf5bf
888faa8bfb0b159c37de6d898b961c31,5932.29,19,3.869565217391304,7.869565217391305,1.0770250561254797,63.19514661274014,86.72118609166324,43.1,C,888faa8b
4b0fdb526525f9890eb145bf1534640e,3828.98,18,3.9047619047619047,8.333333333333334,0.665000056025574,64.34108527131784,85.340550293189,43.1,C,4b0fdb52
8160255418d5aaa7dbdc9f4c64ebda44,72457.24,380,3.8607888631090486,16.328018223234626,14.108838022543283,62.90940484541089,61.5404058306953,43.1,C,81602554
7202e2ba20579a9bd1acb29e61fe71f6,14004.55,51,4.017543859649122,12.137931034482758,2.658329251563368,68.01305589555282,74.01427838178341,43.1,C,7202e2ba
fcb5ace8bcc92f75707dc0f01a27d269,11986.66,59,3.915492957746479,9.76388888888889,2.263037484086582,64.69046839174584,81.08179221169749,43.0,C,fcb5ace8
2138ccb85b11a4ec1e37afbd1c8eda1f,21287.41,388,3.9128440366972477,10.85354691075515,4.084995027044681,64.60422445060807,77.83788470411187,43.0,C,2138ccb8
a420f60ff1aa9acc80d0e42959f2b313,8983.91,67,3.971830985915493,10.67123287671233,1.674817930597086,66.5247297739928,78.38063284334625,43.0,C,a420f60f
e067ad2c1c0b48758eb1b5228bcf7a68,7105.99,54,4.142857142857143,14.158730158730158,1.306945392460713,72.09302325581396,67.99836759241362,43.0,C,e067ad2c
ffa6adafb71b807dc13159e26431354c,3017.38,17,3.9444444444444446,9.166666666666666,0.5060127978082484,65.63307493540051,82.85972034280559,43.0,C,ffa6adaf
e06f09ec0a4aca210779cf1cfc63cf19,7211.98,29,4.157894736842105,14.473684210526315,1.3277081567515636,72.58261933904528,67.060750658785,43.0,C,e06f09ec
94e93ce877be27a515118dbfd2c2be41,7730.68,29,4.083333333333333,12.864864864864865,1.4293181750331394,70.15503875968992,71.85019931975278,43.0,C,94e93ce8
062ce95fa2ad4dfaedfc79260130565f,10672.15,54,4.049180327868853,12.557377049180328,2.005533367774043,69.04308044224172,72.76558929878658,43.0,C,062ce95f
0176f73cc1195f367f7b32db1e5b3aa8,6416.22,37,4.076923076923077,12.794871794871796,1.1718238534013676,69.9463327370304,72.05856840498248,42.9,C,0176f73c
e5a38146df062edaf55c38afa99e42dc,19134.68,120,3.9603174603174605,11.850393700787402,3.6632889644742233,66.1498708010336,74.87027585692519,42.9,C,e5a38146
06a2c3af7b3aee5d69171b0e14f0ee87,51778.479999999996,389,4.01,17.294840294840295,10.058000965207022,67.76744186046511,58.662180448378024,42.9,C,06a2c3af
820cc752a266cdc6c1a1e61dd4583330,3078.77,15,4.133333333333334,13.466666666666667,0.5180387068545291,71.78294573643413,70.05863779882725,42.9,C,820cc752
a6fe7de3d16f6149ffe280349a8535a0,3724.58,50,4.129032258064516,13.476190476190476,0.6445487625831285,71.64291072768192,70.03028545653714,42.9,C,a6fe7de3
5d3bb11474a06bdc23fb9e89f1164ee0,4350.92,31,3.9375,9.34375,0.767244769620881,65.40697674418604,82.33254397834912,42.9,C,5d3bb114
13074f016982ff2bd6c58ced8682f000,3009.9,13,4.125,13.375,0.5045475135654369,71.51162790697674,70.33152909336943,42.9,C,13074f01
95e03ca3d4146e4011985981aeb959b9,17364.44,172,3.965686274509804,11.868932038834952,3.3165102508386406,66.32466940264477,74.81508729981476,42.8,C,95e03ca3
52d76513f0c4d97f3b99570e2c94ee31,27871.98,19,3.88,11.357142857142858,5.374870249863874,63.53488372093024,76.3386816160835,42.8,C,52d76513
f45122a9ab94eb4f3f8953578bc0c560,27646.48,184,3.917874396135266,12.135265700483092,5.330696239602653,64.76800359510169,74.02221307028037,42.8,C,f45122a9
3092c0b297aacfb4bb6e056ebe13b9b8,1781.6399999999999,16,4.142857142857143,13.666666666666666,0.2639392215767571,72.09302325581396,69.46323861073523,42.8,C,3092c0b2
6a51fc556dab5f766ced6fbc860bc613,11699.85,24,4.129032258064516,14.709677419354838,2.206853236268308,71.64291072768192,66.35819983412634,42.8,C,6a51fc55
7aa4334be125fcdd2ba64b3180029f14,24181.19,214,4.091633466135458,15.603174603174603,4.6518680532695855,70.42527564161956,63.69826234508238,42.8,C,7aa4334b
d93844a9c55ba7ce353388bcf849ea56,3956.63,12,4.266666666666667,16.666666666666668,0.6900058760248861,76.12403100775194,60.53225078935498,42.8,C,d93844a9
f8201cab383e484733266d1906e2fdfa,1144.83,10,4.1,12.7,0.1391922083862997,70.69767441860463,72.34100135317998,42.8,C,f8201cab
236585a4ddb5fea9fa40233e2249ed91,837.67,11,4.090909090909091,12.636363636363637,0.07902152549567157,70.40169133192389,72.53044654939107,42.7,C,236585a4
31ae0774c17fabd06ff707cc5bde005f,7570.67,11,4.0,11.454545454545455,1.3979732376411307,67.44186046511628,76.0487144790257,42.7,C,31ae0774
e883aa812c37a7413226856f4579fe91,5061.9,26,3.933333333333333,9.666666666666666,0.9065212122617806,65.27131782945736,81.37122237257556,42.7,C,e883aa81
048c2757535328e0d7dac690ad3c0aae,10312.41,50,4.2745098039215685,17.846153846153847,1.9350625985883594,76.37938896488828,57.02092224419694,42.7,C,048c2757
34056b8b55c1775a22af2331670a799c,8150.21,77,4.038961038961039,12.493506493506494,1.5115014234805455,68.71035940803384,72.95573168374251,42.7,C,34056b8b
b4a476fbd28de64b1e347abf9089366a,5815.89,30,4.0,11.342857142857143,1.0542230392988452,67.44186046511628,76.38121012951865,42.7,C,b4a476fb
bba74270a87732727b5a3b4fd9ac1c39,7774.2,35,3.875,8.9,1.437843465173132,63.372093023255815,83.65358592692829,42.7,C,bba74270
232a6014e7b10cba61c6c2b2ea6bb4b0,5516.24,32,4.085714285714285,13.114285714285714,0.9955235174594887,70.23255813953487,71.10767446356081,42.7,C,232a6014
7bac63f6603d382cc8d0832eb6c100a8,8114.6,19,4.090909090909091,13.818181818181818,1.5045256518379642,70.40169133192389,69.01217861975643,42.6,C,7bac63f6
96493fab2fbb13a14d0c0e8772eef5c3,20629.67,63,3.985074626865672,13.058823529411764,3.9561479604849668,66.95591808399864,71.2727851627796,42.6,C,96493fab
6d66611d7c44cc30ce351abc49a68421,19190.74,164,3.9273743016759775,11.646408839779005,3.6742707605506935,65.07730284526438,75.4775379600625,42.6,C,6d66611d
1835b56ce799e6a4dc4eddc053f04066,74971.8,417,3.6281138790035588,12.403169014084508,14.601424271955505,55.3339402466275,73.22466599325315,42.6,C,1835b56c
afe0067131b73e40875c9b6c10bd2e21,6151.59,45,4.173913043478261,15.25531914893617,1.1199845259715366,73.10414560161779,64.73382662021709,42.6,C,afe00671
4ebdc7e6cd6102a022dadc49156d4ea8,1624.47,29,3.948717948717949,9.871794871794872,0.23315062205233983,65.77221228384019,80.76055653863503,42.6,C,4ebdc7e6
0afccdb8a34ee5c79f7c06faf2b4d56e,1557.09,24,4.086956521739131,12.958333333333334,0.21995131025011774,70.27300303336705,71.57194406856112,42.5,C,0afccdb8
7ad32824caee82087b3e2e5f33b1bf32,34845.54,147,3.798882681564246,11.021978021978022,6.740946130117711,60.89385474860336,77.3364659697542,42.5,C,7ad32824
1c68394e931a64f90ea236c5ea590300,41983.16,142,3.943820224719101,15.213483146067416,8.139160316905722,65.61275150248238,64.85837223092244,42.5,C,1c68394e
48436dade18ac8b2bce089ec2a041202,17508.62,134,4.0256410256410255,13.711538461538462,3.344754192299673,68.27668455575431,69.32965545956074,42.5,C,48436dad
99a54764c341d5dc80b4a8fac4eba3fb,7916.09,44,3.764705882352941,6.77906976744186,1.465638810255015,59.78112175102599,89.96758661925293,42.5,C,99a54764
37515688008a7a40ac93e3b2e4ab203f,10691.17,227,4.106995884773663,14.551020408163266,2.0092592643379823,70.92544741123554,66.83052111236917,42.5,C,37515688
55f7a3319d80f7fdf078b8f03e6725fe,3420.45,22,3.772727272727273,6.318181818181818,0.5849716373470081,60.04228329809727,91.33964817320704,42.5,C,55f7a331
0cbcee27c791afa0cdcb08587a2013a8,6410.5599999999995,37,4.048780487804878,12.78048780487805,1.1707150955384917,69.0300623936472,72.10138948480147,42.5,C,0cbcee27
c8b3445d737de6befde0c88ede534a5e,5282.51,30,3.9722222222222223,11.027777777777779,0.9497373027439446,66.5374677002584,77.31920012028266,42.5,C,c8b3445d
b64d51f0435e884e8de603b1655155ae,1255.8,17,3.88,8.48,0.16093052288158882,63.53488372093024,84.90392422192151,42.5,C,b64d51f0
a673821011d0cec28146ea42f5ab767f,21496.57,125,3.9295774647887325,12.10135135135135,4.125968135631098,65.14903373730758,74.12317594996892,42.5,C,a6738210
8e8a7ce9f2f970dc00e2acf6f6e199f6,10409.16,63,3.9846153846153847,12.061538461538461,1.9540153058733842,66.94096601073345,74.24169876131987,42.4,C,8e8a7ce9
f5b44895715ddfe3087dc414f30268f3,654.44,19,4.0476190476190474,12.095238095238095,0.04312793835525685,68.99224806201549,74.14137508860108,42.4,C,f5b44895
6c12e40690c335dbc2f68a4134d30dc1,9926.44,16,4.0625,13.722222222222221,1.859453539872069,69.47674418604652,69.29784994737635,42.4,C,6c12e406
b92e3c8f9738272ff7c59e111e108d7c,13348.89,62,4.118421052631579,15.460526315789474,2.52988964372358,71.29742962056302,64.12292571754148,42.4,C,b92e3c8f
157c3e4b42f81ac4a44e8b1ca2fe9876,5910.02,23,3.909090909090909,9.878787878787879,1.0726625053116556,64.48202959830867,80.73973838520524,42.4,C,157c3e4b
9e6229250fedbe05838fef417b74e7fb,17475.13,73,3.91025641025641,11.346153846153847,3.3381937151216325,64.51997614788313,76.37139585718747,42.4,C,9e622925
0c7533c71df861ec58ad7ff999ed0e8d,6026.06,61,3.9220779220779223,10.168831168831169,1.0953940004367646,64.9048625792812,79.87628068818867,42.4,C,0c7533c7
a36b125ac6d5fdbc7f50de85c9157bdc,2538.58,23,4.04,12.44,0.4122189347791014,68.74418604651163,73.1150202976996,42.3,C,a36b125a
4e17c65a516f69d023a2ae78b84f28d6,10705.12,61,4.081081081081081,14.391891891891891,2.0119919802721027,70.08170961659333,67.30424605932049,42.3,C,4e17c65a
851773c885feb5e2da3b4f82bc2b17ce,828.14,10,4.181818181818182,15.272727272727273,0.0771546593413947,73.36152219873149,64.68200270635995,42.3,C,851773c8
ad420dd0c4f92f8af951ac24b86d0cf5,6413.38,42,4.111111111111111,14.446808510638299,1.1712675155337762,71.05943152454779,67.14075950824864,42.3,C,ad420dd0
870d0118f7a9d85960f29ad89d5d989a,7305.67,45,4.130434782608695,14.956521739130435,1.3460614295736204,71.68857431749241,65.62334529622875,42.3,C,870d0118
3935fe5fe0f82787a9dcb8deb62be09d,2373.99,16,3.9411764705882355,10.470588235294118,0.37997680462879374,65.52667578659371,78.97795112632333,42.2,C,3935fe5f
1336efc61c316ddf92c899eb817f7cae,8538.55,74,3.941860465116279,11.255813953488373,1.587574750065213,65.54894537587884,76.64033735091418,42.2,C,1336efc6
e1dc0754bada9ee4cfe9713f22f61292,1149.78,12,3.8333333333333335,7.833333333333333,0.14016188178227773,62.015503875969,86.82904826341904,42.2,C,e1dc0754
acadd4d36859671cb635527c6c977533,2646.94,12,4.25,17.25,0.4334459669383293,75.5813953488372,58.79566982408661,42.2,C,acadd4d3
cd3d09fbe6e3e9ff0c0ac0c300e93ae7,880.23,12,4.0,11.461538461538462,0.08735875776492909,67.44186046511628,76.02789632559592,42.2,C,cd3d09fb
aac29b1b99776be73c3049939652091d,16477.63,94,4.00763358778626,13.792592592592593,3.1427898338109093,67.69039588141311,69.08835764045506,42.2,C,aac29b1b
093805f8f2aeb63881444571e1f48f30,2523.7200000000003,22,3.814814814814815,7.7407407407407405,0.4093079556550139,61.41257536606375,87.10469603568386,42.1,C,093805f8
c5f7feb04a6a1fb3596322bfc3cf1917,2635.3,11,4.0,11.916666666666666,0.43116576525566597,67.44186046511628,74.67298150654037,42.1,C,c5f7feb0
7139dc5186aa238b006e066d8fbab2e4,2541.83,22,4.086956521739131,13.708333333333334,0.412855589028986,70.27300303336705,69.33919711321606,42.1,C,7139dc51
14a08204d03bb6b6bde8029f801ae0eb,5437.54,28,3.8157894736842106,8.263157894736842,0.980106689931515,61.44430844553245,85.54946228901076,42.1,C,14a08204
f1ed6bd0a9b11b581f16c851c6a5a527,2308.4900000000002,17,4.421052631578948,21.0,0.36714577282342803,81.15055079559365,47.63193504736131,42.1,C,f1ed6bd0
04308b1ee57b6625f47df1d56f00eedf,61940.62,92,3.9456521739130435,18.42391304347826,12.04869930949068,65.67239635995956,55.30093545919868,42.1,C,04308b1e
ef506c96320abeedfb894c34db06f478,16512.1,316,3.9525222551928785,12.785294117647059,3.1495422867319918,65.89607342488442,72.08708111119955,42.0,C,ef506c96
4c18691b6037662be2df78a765d98ab5,5165.59,63,3.838235294117647,8.779411764705882,0.9268334212373285,62.17510259917921,84.01257661386612,42.0,C,4c18691b
2a7dc43cecabf23403078e2188437d1d,5969.43,52,4.0,12.508771929824562,1.0843005449995453,67.44186046511628,72.91028654179428,42.0,C,2a7dc43c
701938c450705b8ae65fc923b70f35c7,41758.33,74,3.765765765765766,12.008849557522124,8.095117555366786,59.81562958307145,74.3985534146838,42.0,C,701938c4
f3da5b2ff499efb8d4a6d371d175d7dd,5672.24,77,3.9302325581395348,10.853932584269662,1.0260829214539475,65.17036235803137,77.83673655562482,42.0,C,f3da5b2f
41ab63a91b8b264e8c8780368bf1dd5b,3735.66,12,4.230769230769231,17.307692307692307,0.6467192638411965,74.95527728085868,58.62392005829084,42.0,C,41ab63a9
276677b5d08786d5dce7c2149dcce48b,6839.07,31,3.9130434782608696,10.652173913043478,1.2546574686517324,64.61071789686552,78.4373713008178,42.0,C,276677b5
15aac934c58d886785ac1b17953ea898,6662.139999999999,25,4.115384615384615,15.153846153846153,1.2199980112880169,71.19856887298747,65.0359113146664,42.0,C,15aac934
8603f0038fe0e52fedd3382d266723de,2845.12,10,4.4,20.9,0.47226816362821306,80.46511627906978,47.92963464140732,42.0,C,8603f003
066a6914e1ebf3ea95a216c73a986b91,11858.03,66,4.0,13.45945945945946,2.2378396883442284,67.44186046511628,70.08009362542516,41.9,C,066a6914
c33847515fa6305ce6feb1e818569f13,24813.99,114,3.7142857142857144,8.947368421052632,4.7758295330624945,58.139534883720934,83.5125703297486,41.9,C,c3384751
a44fb5a447105f8469bdf16bf9159f25,4292.71,19,4.052631578947368,13.842105263157896,0.7558418022714101,69.15544675642595,68.94095862118083,41.8,C,a44fb5a4
99eaacc9e6046db1c82b163c5f84869f,15952.539999999999,63,4.0144927536231885,14.478260869565217,3.0399280553272523,67.91371755982473,67.0471259634053,41.8,C,99eaacc9
238fac594e170b59c6d228f5a4f4f1d9,4887.97,29,3.9655172413793105,11.966666666666667,0.8724494357441126,66.31916599839616,74.52413170951736,41.8,C,238fac59
3a1a1fec38dd360f15fc912e821e169d,2478.61,15,4.055555555555555,13.61111111111111,0.4004711946666161,69.25064599483203,69.62862727409413,41.8,C,3a1a1fec
49e7217cfe4e427191c378ec626d8737,3325.6499999999996,12,4.153846153846154,15.76923076923077,0.5664009226119139,72.45080500894456,63.2039138128448,41.8,C,49e7217c
014d9a685fd57276679edd00e07089e5,1317.47,11,3.8333333333333335,8.5,0.17301128214016753,62.015503875969,84.84438430311232,41.8,C,014d9a68
4917cee8d902e13428c3ec4b1ca6f315,6178.34,31,4.212121212121212,17.515151515151516,1.1252246801821246,74.34813248766736,58.00631483987371,41.8,C,4917cee8
430315b7bb4b6e4b3c978f9dfa9b0558,3603.58,19,4.0476190476190474,13.619047619047619,0.620845635125888,68.99224806201549,69.60500032218572,41.8,C,430315b7
5b581417df4480f632484ba681e53944,2600.78,11,4.1,14.75,0.42440351765381507,70.69767441860463,66.23815967523682,41.7,C,5b581417
c12b92bf1c350f3e6bf88d3596219c86,5322.63,17,3.8823529411764706,10.411764705882353,0.9575965545917504,63.611491108071135,79.15306853458569,41.7,C,c12b92bf
df0f42bc4c2142eacf0eaf2cffd0cfbb,2518.56,14,4.0625,13.875,0.4082971445998124,69.47674418604652,68.84303112313938,41.7,C,df0f42bc
5f2684dab12e59f83bef73ae57724e45,11572.2,67,3.8227848101265822,9.822784810126583,2.1818474162689965,61.67206358551663,80.90645929326323,41.7,C,5f2684da
ca3bd7cd9f149df75950150d010fe4a2,41024.12,68,3.820143884892086,13.661870503597122,7.951290504041325,61.58607997323071,69.47751676872305,41.7,C,ca3bd7cd
6b536a23086fba0d58c08d68814397f6,3428.92,18,4.045454545454546,13.681818181818182,0.586630856269015,68.9217758985201,69.41813261163735,41.7,C,6b536a23
977f9f63dd360c2a32ece2f93ad6d306,4911.69,23,3.96,11.92,0.8770960323001931,66.13953488372093,74.66305818673884,41.7,C,977f9f63
318f287a62ab7ac10b703ac37435a231,5991.99,51,3.935483870967742,11.709677419354838,1.0887199049618208,65.34133533383346,75.28918765550657,41.6,C,318f287a
acb6c2ca5c82411c1fdb88d5fd5eb95e,623.73,10,3.8333333333333335,8.833333333333334,0.037112045427886126,62.015503875969,83.85205232295895,41.6,C,acb6c2ca
79ebd9a61bac3eaf882805ed4ecfa12a,20962.5,133,3.986206896551724,14.76551724137931,4.021347232481606,66.99278267842824,66.19196491064346,41.6,C,79ebd9a6
4a3ccda38b2129705f3fb522db62ca31,24138.43,64,3.858974358974359,12.512820512820513,4.64349164227726,62.85032796660705,72.8982339266507,41.6,C,4a3ccda3
af3ef48d0e13835e529c29ac573c63e5,1873.13,21,3.772727272727273,7.7272727272727275,0.28186152844504586,60.04228329809727,87.14479025710419,41.6,C,af3ef48d
abe42c5d03695b4257b5c6cbf4e6784e,17947.55,49,3.9583333333333335,13.877551020408163,3.4307377768848513,66.08527131782948,68.83543674574025,41.6,C,abe42c5d
92eb0f42c21942b6552362b9b114707d,13100.06,334,3.932795698924731,12.674666666666667,2.4811454354162645,65.25381345336334,72.41641858367163,41.6,C,92eb0f42
a888faf2d1baececa6baf9c3d603ee1f,19089.75,53,4.111111111111111,17.38888888888889,3.654487464336588,71.05943152454779,58.382198165689374,41.6,C,a888faf2
3c487ae8f8d7542beff5788e2e0aea83,13068.75,30,3.9411764705882355,12.941176470588236,2.4750120063196848,65.52667578659371,71.6230199793043,41.5,C,3c487ae8
0d85bbda9889ce1f7e63778d24f346eb,11373.58,51,4.166666666666667,17.75,2.1429390263883588,72.86821705426357,57.30717185385657,41.5,C,0d85bbda
2c9e548be18521d1c43cde1c582c6de8,13147.63,124,3.9585798816568047,13.30232558139535,2.4904640946984213,66.09329847254712,70.54788054253076,41.5,C,2c9e548b
dfc5fb7259bb2b599ca565e6e9448f0f,8087.51,33,4.108108108108108,16.0,1.4992188937981572,70.96165933375235,62.51691474966171,41.5,C,dfc5fb72
7d76b645482be4a332374e8223836592,7218.04,172,3.953125,12.510309278350515,1.3288952720605791,65.91569767441861,72.90570986147344,41.5,C,7d76b645
fa1a9dec3a9940c072684a46728bf1fc,9910.58,55,4.016129032258065,14.301587301587302,1.856346667132632,67.966991747937,67.57308245806215,41.4,C,fa1a9dec
ffeee66ac5d5a62fe688b9d26f83f534,2259.55,14,4.214285714285714,17.642857142857142,0.35755873928824333,74.4186046511628,57.626135704620154,41.4,C,ffeee66a
eb5b6204dde3a6e03b5f1bb8479f055b,858.31,19,3.888888888888889,10.37037037037037,0.0830647697164769,63.82428940568475,79.2762993033629,41.4,C,eb5b6204
05d2173d43ea568aa0540eba70d2ca76,8262.74,62,4.015384615384615,14.134328358208956,1.5335453320157793,67.94275491949911,68.07101165350514,41.4,C,05d2173d
bb5bd94c8f59cc050072d2930c869cac,3474.57,16,4.052631578947368,14.368421052631579,0.5955733998097011,69.15544675642595,67.37411865251764,41.4,C,bb5bd94c
c31eff8334d6b3047ed34bebd4d62c36,16346.09,120,3.8688524590163933,12.235772357723578,3.117021987647889,63.17194052611514,73.72300515968624,41.3,C,c31eff83
f457c46070d02cadd8a68551231220dd,34907.85,195,3.8524590163934427,14.187755102040816,6.753152261290113,62.63820053374,67.91196045400568,41.3,C,f457c460
f7ccf836d21b2fb1de37564105216cc1,4426.28,69,3.863013698630137,10.493333333333334,0.7820073124735887,62.981841350748645,78.91023906179521,41.3,C,f7ccf836
9c068d10aca38e85c50202e17b4a7e88,3771.6,17,4.125,16.11764705882353,0.653759680376843,71.51162790697674,62.166679933137,41.3,C,9c068d10
9a84ba99f5367fdbd4598363496f1ea2,2745.4500000000003,15,3.875,10.5625,0.45274344698636876,63.372093023255815,78.7043301759134,41.3,C,9a84ba99
96804ea39d96eb908e7c3afdb671bb9e,4752.53,37,3.9743589743589745,12.948717948717949,0.8459176044812311,66.60703637447824,71.60056902952708,41.3,C,96804ea3
8e6cc767478edae941d9bd9eb778d77a,9214.33,100,4.056910569105691,15.384,1.7199557374458245,69.294762715069,64.35074424898512,41.3,C,8e6cc767
8629c241b3622ac12cd4118afdc8d394,1502.02,13,4.076923076923077,14.692307692307692,0.2091634488528431,69.9463327370304,66.40990944103258,41.3,C,8629c241
9df5750209b83567ec144eb299d7d634,5176.3,11,4.0,13.545454545454545,0.9289314418577173,67.44186046511628,69.82408660351827,41.3,C,9df57502
ad273c9eb54ecb4532de4bf75bae9e4e,1290.9099999999999,10,3.9166666666666665,11.25,0.16780834771649555,64.72868217054264,76.6576454668471,41.3,C,ad273c9e
c847e075301870dd144a116762eaff9a,16613.32,41,4.045454545454546,16.044444444444444,3.1693706384776275,68.9217758985201,62.3846038189746,41.3,C,c847e075
70a12e78e608ac31179aea7f8422044b,38026.8,312,3.8057971014492753,13.84149855907781,7.364134652883175,61.118975396022925,68.9427647767643,41.2,C,70a12e78
5656537e588803a555b8eb41f07a944b,14702.07,171,3.82010582010582,11.058201058201059,2.7949689661416692,61.5848406546081,77.22863013796709,41.2,C,5656537e
4c2b230173bb36f9b240f2b8ac11786e,34057.01,258,3.7595307917888565,12.365217391304348,6.58647813760649,59.61263043033487,73.33764782020357,41.1,C,4c2b2301
e9d99831abad74458942f21e16f33f92,9830.76,130,3.871794871794872,11.78343949044586,1.8407104387554676,63.267740011926065,75.06959826930867,41.1,C,e9d99831
33576ec5412fb5905d876f12f33bfde6,3592.05,31,4.029411764705882,14.323529411764707,0.6185869817409129,68.39945280437756,67.50776088513891,41.1,C,33576ec5
2a6fbeaa7ab9e5d59a35841a8da71ce4,2392.11,30,4.0,13.46875,0.38352639693891943,67.44186046511628,70.05243572395129,41.1,C,2a6fbeaa
002100f778ceb8431b7a1020ff7ab48f,2445.33,50,4.086206896551724,15.482758620689655,0.39395185514779824,70.2485966319166,64.05674023610658,41.1,C,002100f7
8ff1a9df749e454105c55cda13e79143,2126.23,13,3.9375,12.105263157894736,0.3314422024899019,65.40697674418604,74.1115305177694,41.1,C,8ff1a9df
7a241947449cc45dbfda4f9d0798d9d0,22676.2,56,3.823529411764706,12.318840579710145,4.357050121105352,61.69630642954858,73.475711400051,41.1,C,7a241947
688756f717c462a206ad854c5027a64a,12113.43,81,3.797979797979798,10.372549019607844,2.287870917704387,60.86445853887715,79.26981347342726,41.1,C,688756f7
50c9975695009e5e6473912e83a6d1da,9751.09,50,4.0,14.614285714285714,1.8251035944206049,67.44186046511628,66.64218055287068,41.0,C,50c99756
cd68562d3f44870c08922d380acae552,22994.43,122,3.985611510791367,16.085714285714285,4.419389346317894,66.97339802576543,62.261743669050844,41.0,C,cd68562d
cb6c9f5888a7a090c75beaf615925792,1130.15,11,3.8181818181818183,9.636363636363637,0.136316490112975,61.522198731501064,81.46143437077131,41.0,C,cb6c9f58
ed4acab38528488b65a9a9c603ff024a,17106.06,32,3.6744186046511627,8.595238095238095,3.2658952585047416,56.84153596538669,84.56086088021135,41.0,C,ed4acab3
b335c59ab742f751a85db9c411a86739,3458.2,30,4.218181818181818,18.672727272727272,0.5923666213264365,74.54545454545453,54.560216508795676,41.0,C,b335c59a
d101c6da914ae3d53f7bee42283f2fe2,2409.92,13,4.0,13.736842105263158,0.3870152622282868,67.44186046511628,69.25432661491348,41.0,C,d101c6da
6a0cbc8af2e8abd1bdfb777943d174c6,4517.15,34,4.0588235294117645,15.314285714285715,0.799808165300361,69.35704514363884,64.55828339454862,41.0,C,6a0cbc8a
d5ba419e26d246a0719437cf37d9b46d,4562.9,33,3.9166666666666665,12.243243243243244,0.8087702982025821,64.72868217054264,73.70076436382254,41.0,C,d5ba419e
3b15288545f8928d3e65a8f949a28291,25272.68,101,3.883720930232558,14.153846153846153,4.86568397548697,63.65603028664143,68.01290725512648,41.0,C,3b152885
855668e0971d4dfd7bef1b6a4133b41b,40376.57,300,3.858490566037736,15.577639751552795,7.824439593422018,62.83457656867048,63.77427949470075,41.0,C,855668e0
8b28d096634035667e8263d57ba3368c,13949.33,139,3.9290322580645163,13.725,2.647512006123791,65.1312828207052,69.2895805142084,41.0,C,8b28d096
adbc26658d6c7b4b6219f9d934598091,15077.58,88,4.064516129032258,16.72043010752688,2.868528977641408,69.54238559639909,60.372197244168966,41.0,C,adbc2665
d2374cbcbb3ca4ab1086534108cc3ab7,62579.0,514,3.636764705882353,13.656477438136827,12.173753875657233,55.6155950752394,69.49357190270499,41.0,C,d2374cbc
d05ae8f7a5bd1d2a690a44cd079e4e27,15657.119999999999,77,3.7875,10.74074074074074,2.9820571634808224,60.52325581395349,78.17370821430362,41.0,C,d05ae8f7
beadbee30901a7f61d031b6b686095ad,5943.35,64,3.9411764705882355,13.058823529411764,1.0791916395112409,65.52667578659371,71.2727851627796,40.9,C,beadbee3
6d988d6174a2c27441597174f8905515,1209.35,19,4.25,19.25,0.15183126444862333,75.5813953488372,52.841677943166445,40.9,C,6d988d61
1dcfa3835714681d4ba4a93bc1e0fd41,1908.1,12,4.076923076923077,15.5,0.2887119281738037,69.9463327370304,64.00541271989175,40.9,C,1dcfa383
d673a59aac7a70d8b01e6902bf090a11,7017.44,79,3.943820224719101,13.269662921348315,1.2895990128215506,65.61275150248238,70.64511714889541,40.9,C,d673a59a
9906e7aa42a3c067b7c9a564d01c4320,6281.43,12,4.0625,15.8125,1.145419352988463,69.47674418604652,63.07510148849798,40.9,C,9906e7aa
a2e874074c877c5a05abae80ad6e488f,8682.02,40,4.177777777777778,18.8,1.6156796070593478,73.22997416020672,54.18132611637348,40.8,C,a2e87407
dc4a0fc896dc34b0d5bfec8438291c80,35011.97,225,3.7723880597014925,13.35820895522388,6.773548704520262,60.031239153071844,70.38151596550401,40.8,C,dc4a0fc8
4978a02ea9c8be7a9b5480680f40334e,2836.8999999999996,18,3.5789473684210527,4.947368421052632,0.4706579181100435,53.73317013463893,95.42055409158891,40.8,C,4978a02e
23a0ffca143a15b9b5bbdb7d552f626a,4860.62,23,3.8846153846153846,11.76923076923077,0.8670917453643148,63.685152057245084,75.11189757468513,40.8,C,23a0ffca
a938325a4b357fd23a6a4d5bb126408e,4353.92,24,3.923076923076923,12.576923076923077,0.7678324504669283,64.93738819320215,72.7074008535443,40.8,C,a938325a
e62b2d6ac10570a035a30bafcf01d263,8576.07,62,3.9452054794520546,13.615384615384615,1.594924678513111,65.65785281936921,69.61590506922036,40.8,C,e62b2d6a
ff69aa92bb6b1bf9b8b7a51c2ed9cf8b,23695.2,20,3.7142857142857144,10.619047619047619,4.55666571514608,58.139534883720934,78.53598814356596,40.8,C,ff69aa92
2745f798279e0ed033addcc1474776d7,4569.75,32,3.9375,12.969696969696969,0.8101121694677236,65.40697674418604,71.53811456923772,40.8,C,2745f798
06579cb253ecd5a3a12a9e6eb6bf8f47,8295.63,61,3.8028169014084505,10.422535211267606,1.5399882730246106,61.02194562725188,79.1210047837771,40.8,C,06579cb2
b56906f7fd1696e043f1bcce164c487b,3254.32,40,3.9545454545454546,13.318181818181818,0.5524278310290629,65.96194503171249,70.50067658998647,40.7,C,b56906f7
e504a4e2efaa45cbff7e268a2c58c956,1732.27,10,3.909090909090909,12.181818181818182,0.2542679537869723,64.48202959830867,73.88362652232748,40.7,C,e504a4e2
6b3bd31ad8fcda4b2635ec9f3ff2ecdf,7361.63,35,3.8863636363636362,12.295454545454545,1.3570236362885557,63.74207188160676,73.54533152909337,40.7,C,6b3bd31a
f4aba7c0bca51484c30ab7bdc34bcdd1,5043.06,108,3.808333333333333,10.325,0.9028305765486038,61.201550387596896,79.41136671177267,40.7,C,f4aba7c0
bd15ee794d5e640d9dd71b665b2ab15b,680.03,12,4.0,14.083333333333334,0.04814085597204019,67.44186046511628,68.22282363554353,40.6,C,bd15ee79
eb4df17aed01d918c65f0f8d650900c0,3925.46,11,3.909090909090909,12.545454545454545,0.6838998720344548,64.48202959830867,72.80108254397835,40.6,C,eb4df17a
7f2617c58d5d06806987308b45654351,4312.69,22,3.869565217391304,11.73913043478261,0.759755756706085,63.19514661274014,75.20150614814379,40.6,C,7f2617c5
c89cf7c468a48af70aada384e722f9e2,974.13,14,4.0,14.2,0.10575316824620914,67.44186046511628,67.87550744248986,40.6,C,c89cf7c4
20cb7c2fde3e5bf10f0bbe7394e1c6a9,3248.35,31,3.8653846153846154,11.461538461538462,0.5512583461454288,63.05903398926655,76.02789632559592,40.6,C,20cb7c2f
63b464dbf392c7b80d12d932fa7cafed,8313.02,36,3.82,11.42,1.5433948629955316,61.58139534883721,76.15155615696888,40.5,C,63b464db
6806dad1da97bfb5a9038eac6881f706,2745.92,10,3.9375,13.1875,0.4528355169855829,65.40697674418604,70.8897158322057,40.5,C,6806dad1
784ba75dd9d20200c4caed3d7a77141a,9180.46,19,3.869565217391304,12.652173913043478,1.7133208206939505,63.19514661274014,72.48337941989763,40.5,C,784ba75d
d3674f271c91f824f82d24d92011f669,2101.82,20,3.9523809523809526,13.428571428571429,0.3266604393392305,65.89147286821706,70.17204716798763,40.5,C,d3674f27
2156f2671501a81034d7d07f217609d0,3302.9900000000002,21,4.0,14.761904761904763,0.5619619732881034,67.44186046511628,66.20271924737419,40.4,C,2156f267
bc302730ea8cf49b5c74f579febb5bbf,2934.8599999999997,11,3.8181818181818183,10.727272727272727,0.4898476566696408,61.522198731501064,78.21380243572395,40.4,C,bc302730
213b25e6f54661939f11710a6fddb871,27660.03,152,3.849740932642487,14.693877551020408,5.333350598090633,62.54970478370888,66.40523597801773,40.4,C,213b25e6
4aba391bc3b88717ce08eb11e44937b2,8529.44,27,4.0344827586206895,16.24137931034483,1.5857901592293828,68.5645549318364,61.7983295226541,40.4,C,4aba391b
681fce914360217db47784ae28905a96,5431.05,23,3.869565217391304,12.333333333333334,0.9788353403678993,63.19514661274014,73.43256653134867,40.4,C,681fce91
bd1d49a326abfa9b1036772e40445430,901.78,12,3.8461538461538463,11.307692307692308,0.09158026517570209,62.43291592128802,76.48589570105132,40.3,C,bd1d49a3
fffd5413c0700ac820c7069d66d98c89,12063.53,57,3.8620689655172415,13.203389830508474,2.2780958262984674,62.95108259823577,70.84241187128737,40.3,C,fffd5413
2b1a40c1daabc6ca280c4b815c101841,26287.0,22,3.787878787878788,13.363636363636363,5.064382787407864,60.53558844256519,70.36535859269283,40.3,C,2b1a40c1
cf2384dd2f1dddea3f838efed0945e65,2534.94,16,3.9444444444444446,13.722222222222221,0.4115058820192306,65.63307493540051,69.29784994737635,40.3,C,cf2384dd
36a968b544695394e4e9d7572688598f,10261.9,148,3.753012048192771,10.433734939759036,1.9251680120770764,59.400392266741385,79.08766323752384,40.3,C,36a968b5
3fd1e727ba94cfe122d165e176ce7967,3793.12,35,4.0,15.135135135135135,0.6579753109791555,67.44186046511628,65.09161394141097,40.3,C,3fd1e727
93dc87703c046b603023e75222018b45,9836.83,33,4.15625,19.235294117647058,1.8418995130006364,72.52906976744185,52.885457295232044,40.3,C,93dc8770
d7485b33791774c36108f8c69602d48d,828.65,10,3.7,8.2,0.07725456508522274,57.674418604651166,85.73748308525035,40.2,C,d7485b33
1354d51653f645349064725ed204e85e,3458.41,18,3.7142857142857144,9.0,0.5924077589856598,58.139534883720934,83.35588633288228,40.2,C,1354d516
615005a3ef192c00c6f0e977cee3d2bc,578.64,10,3.909090909090909,13.0,0.02827920231179541,64.48202959830867,71.44790257104195,40.1,C,615005a3
070d165398b553f3b4b851c216b8a358,6564.1900000000005,31,3.75,10.266666666666667,1.2008102316645735,59.30232558139535,79.58502480829951,40.1,C,070d1653
229c3efbfb0ea2058de4ccdfbc3d784a,25182.69,118,3.6433566433566433,10.386206896551725,4.848055509041705,55.830216295332576,79.22915402921002,40.1,C,229c3efb
891071be6ba827b591264c90c2ae8a63,5601.49,85,3.93,14.04,1.012223448167999,65.16279069767444,68.35182679296346,40.1,C,891071be
1d8dbc4f32378d715c717c1c1fc57bae,16736.01,91,3.917525773195876,15.252525252525253,3.193404826144808,64.75665308079597,64.74214403849047,40.1,C,1d8dbc4f
df56d7b40d437f88407c5f78b63bc328,3983.79,22,3.8461538461538463,12.038461538461538,0.6953263466177675,62.43291592128802,74.31039866763818,40.1,C,df56d7b4
834f8533b2ecb6598dd004ff3de7203a,6710.0,41,3.9215686274509802,14.058823529411764,1.2293734797186249,64.88828089375285,68.29578922231951,40.1,C,834f8533
5b664594895aefb418afaee6d40a9a23,2081.23,16,3.75,9.875,0.3226269897991926,59.30232558139535,80.7510148849797,40.0,D,5b664594
903037660cf848a717166eb7a06d616e,12288.29,44,3.7868852459016393,12.032786885245901,2.32212487528433,60.50324056423943,74.32729208722466,40.0,D,90303766
3c03b12bab54d8b37d79d914bfdb1aa0,6534.03,37,3.880952380952381,13.279069767441861,1.1949020802256445,63.565891472868216,70.6171130062624,40.0,D,3c03b12b
f918546be4bec7104d117789ba758b2b,2496.4700000000003,20,3.8260869565217392,11.521739130434783,0.40396985463675106,61.77957532861477,75.8486791786786,40.0,D,f918546b
39d54ff918774174706fb065d7f9dc07,2486.72,22,3.96,14.6,0.4020598918870972,66.13953488372093,66.68470906630583,40.0,D,39d54ff9
8b2492b7ff4468839593fafeed55bad9,8988.82,29,3.9130434782608696,14.391304347826088,1.67577976824845,64.61071789686552,67.30599517561922,40.0,D,8b2492b7
343e716476e3748b069f980efbaa294e,2350.06,17,4.0,15.347826086956522,0.3752890704134899,67.44186046511628,64.4584338412661,40.0,D,343e7164
00720abe85ba0859807595bbf045a33b,3118.4,13,3.6538461538461537,8.153846153846153,0.5258019708308138,56.17173524150269,85.87488289788696,39.9,D,00720abe
5b51032eddd242adc84c38acab88f23d,6183.26,12,3.7857142857142856,11.428571428571429,1.1261884767696424,60.46511627906976,76.12603904890778,39.9,D,5b51032e
1a932caad4f9d804097d7f8e615baed1,14456.39,20,3.59375,8.375,2.746841822722703,54.215116279069775,85.21650879566982,39.8,D,1a932caa
6039e27294dc75811c0d8a39069f52c0,27770.02,63,3.923076923076923,17.512820512820515,5.354896936842881,64.93738819320215,58.013254224350305,39.7,D,6039e272
c8467937e403e76a8ee9f0ab13f6f5ef,2723.7,30,4.032258064516129,16.558823529411764,0.4484827608525259,68.4921230307577,60.853299371169314,39.7,D,c8467937
7c1fea10b5b006671d608b1d7c446ec4,901.67,14,4.0,15.714285714285714,0.09155871687801369,67.44186046511628,63.36748501836459,39.7,D,7c1fea10
a13580f0e8f782b7a543885a0ef99f08,1563.68,10,4.4,24.6,0.22124224917526833,80.46511627906978,36.91474966170502,39.7,D,a13580f0
3b872fd4747f01cc56206f2934198618,4342.02,25,3.9285714285714284,14.535714285714286,0.765501316444274,65.11627906976743,66.87608737676396,39.7,D,3b872fd4
44073f8b7e41514de3b7815dd0237f4f,24223.0,142,3.7225806451612904,12.923076923076923,4.660058365327332,58.40960240060016,71.67690225876966,39.6,D,44073f8b
e2aee0892199b1d92530e371abd825bf,11099.38,36,3.875,14.475,2.0892249970596364,63.372093023255815,67.05683355886333,39.6,D,e2aee089
d379f449f2a3b271bc01c0782020f705,5788.93,28,3.875,13.75,1.0489417474290335,63.372093023255815,69.21515561569689,39.6,D,d379f449
e8b3a3a38279a82f0e5d006d5e5b7d2c,15411.57,80,3.9450549450549453,16.626373626373628,2.933955486231852,65.65295169946333,60.65220300673616,39.6,D,e8b3a3a3
ea566164622c6b439516ab18062c42cd,11644.36,50,3.8214285714285716,13.392857142857142,2.195983099552587,61.62790697674419,70.27836845157549,39.6,D,ea566164
165fc07beebdcb6190fba8a06db2a449,31264.99,50,3.6875,13.1875,6.039539245679508,57.26744186046512,70.8897158322057,39.5,D,165fc07b
09f952a5f58d2285b0372551ae8f9b01,16628.41,50,3.742424242424242,12.393939393939394,3.172326673133245,59.05567300916138,73.25214253495716,39.5,D,09f952a5
81f89e42267213cb94da7ddc301651da,5965.5599999999995,46,3.5714285714285716,7.357142857142857,1.083542436708144,53.48837209302326,88.24666537792383,39.5,D,81f89e42
cd06602b43d8800bd0afad514919d35c,5165.3,43,3.767857142857143,11.607142857142858,0.9267766120888772,59.88372093023256,75.5944326309685,39.4,D,cd06602b
f84a00e60c73a49e7e851c9bdca3a5bb,8786.41,88,3.707070707070707,10.83838383838384,1.6361289415656395,57.904627672069545,77.88302510900617,39.4,D,f84a00e6
3c4e0452bff7a2a788179488d3d77032,5119.6,32,3.8157894736842106,12.794871794871796,0.9178242738674236,61.44430844553245,72.05856840498248,39.4,D,3c4e0452
1da366cade6d8276e7d8beea7af5d4bf,9631.79,42,3.9791666666666665,16.959183673469386,1.801733486109458,66.76356589147288,59.66142884758776,39.4,D,1da366ca
0417b067eeab773d2f7061a726dc477f,2501.75,13,4.0,16.5,0.4050041729257942,67.44186046511628,61.02841677943167,39.3,D,0417b067
75d34ebb1bd0bd7dde40dd507b8169c3,19033.51,57,3.8902439024390243,16.585365853658537,3.643470407409355,63.86840612592173,60.7742829796363,39.2,D,75d34ebb
198c7ea11960a9844b544d9bcdca860c,2225.38,25,3.88,14.0,0.35086505445176475,63.53488372093024,68.47090663058188,39.2,D,198c7ea1
e89c4adbe7b1d0819dbb636e16461cf1,3770.73,24,3.88,14.32,0.6535892529314892,63.53488372093024,67.51826792963465,39.2,D,e89c4adb
610f72e407cdd7caaa2f8167b0163fd8,15018.26,16,3.7058823529411766,12.0,2.8569085683788997,57.86593707250343,74.42489851150204,39.2,D,610f72e4
23d7c96d4a1160db1c726b248601b25a,13024.26,50,3.789473684210526,13.59322033898305,2.4662966993728035,60.5875152998776,69.68188803009106,39.2,D,23d7c96d
e96498ed8daaa3e9c23f7a62da76591c,10332.19,34,3.888888888888889,15.444444444444445,1.9389373742999645,63.82428940568475,64.17080138325063,39.1,D,e96498ed
b55638ad525e906c698fa2ce742c1742,1529.33,11,4.230769230769231,21.76923076923077,0.21451330348802689,74.95527728085868,45.34193817008432,39.1,D,b55638ad
89bc797e2e29667aa035d4368f9b7f92,846.04,16,3.8947368421052633,14.473684210526315,0.0806611550561435,64.01468788249694,67.060750658785,39.1,D,89bc797e
ce7d1888639e6fb06b2749cbfdac1ff7,17726.5,78,3.869565217391304,16.293478260869566,3.3874354932119344,63.19514661274014,61.643231158439725,39.0,D,ce7d1888
45213867cefbf2cd4c6177e10216a951,5389.16,14,3.857142857142857,14.285714285714286,0.9706293568209257,62.79069767441862,67.62033636187898,39.0,D,45213867
440dd6ab244315c632130ecfb63827b1,15516.15,91,3.875,16.083333333333332,2.9544420405250604,63.372093023255815,62.26883175462337,39.0,D,440dd6ab
8931a84a914b3fe9b1ddaa4d704947ca,5883.95,29,3.774193548387097,12.53125,1.0675555587595045,60.090022505626415,72.84336941813261,39.0,D,8931a84a
db2956745b3a8e9f3785c99f34b5d25e,9673.85,45,3.8043478260869565,13.978260869565217,1.809972771571041,61.07178968655208,68.53562393363535,38.9,D,db295674
b39d7fe263ef469605dbb32608aee0af,7451.6900000000005,43,3.7755102040816326,13.02,1.3746658152868954,60.13289036544851,71.38836265223276,38.9,D,b39d7fe2
edf96ef93ed595084bbcbd9224bd2894,5468.98,25,3.806451612903226,13.32258064516129,0.9862655851980904,61.14028507126783,70.4875812999258,38.9,D,edf96ef9
87d3c3aeb3ead335511b3ce315eb341e,963.0600000000001,15,3.5,6.133333333333334,0.10358462592429465,51.162790697674424,91.88994136220117,38.9,D,87d3c3ae
ea67327e24487bdfac5fbfa37ea124df,8397.81,32,3.5428571428571427,8.0,1.5600046826409812,52.55813953488372,86.33288227334236,38.9,D,ea67327e
39c763cca83e654764b7a4a650fb9b7c,984.21,11,3.8181818181818183,13.0,0.10772777588892801,61.522198731501064,71.44790257104195,38.9,D,39c763cc
0747d5bb69f0586cc869d8af4c50f93e,582.08,12,3.8461538461538463,13.846153846153847,0.028953076348596306,62.43291592128802,68.92890600603727,38.8,D,0747d5bb
7040e82f899a04d1b434b795a43b4617,14546.49,208,3.5714285714285716,9.601659751037344,2.764491837465657,53.48837209302326,81.56474769650588,38.8,D,7040e82f
845e8036c3f7bf62099352f5ed910240,3016.25,21,3.5454545454545454,7.545454545454546,0.5057914380229037,52.64270613107822,87.68606224627875,38.8,D,845e8036
0bf0150d5b9d60d9cd2906003332f085,14181.92,39,3.7540983606557377,13.53125,2.693074902117837,59.43576057948914,69.86637347767254,38.8,D,0bf0150d
8f54d64f28a993550aa7943f12572959,3321.12,15,3.8125,13.375,0.5655135245343824,61.33720930232559,70.33152909336943,38.8,D,8f54d64f
30829ded4523ab9224b93bc49a62c95f,16565.89,18,3.5806451612903225,10.129032258064516,3.1600794043016203,53.78844711177795,79.99476188397573,38.8,D,30829ded
b14db04aa7881970e83ffa9426897925,14111.199999999999,78,3.816326530612245,15.0,2.6792213056403487,61.461794019933556,65.4939106901218,38.8,D,b14db04a
e5a3438891c0bfdb9394643f95273d8e,14215.94,216,3.830188679245283,15.172284644194757,2.6997392029120135,61.91311978938131,64.98102000375039,38.8,D,e5a34388
00fc707aaaad2d31347cf883cd2dfe10,28262.63,103,3.7375886524822697,15.21830985915493,5.4513960906999985,58.89823519709716,64.84400312565515,38.7,D,00fc707a
897060da8b9a21f655304d50fd935913,57827.27,304,3.5152941176470587,14.235431235431236,11.242920306794476,51.66073871409028,67.77002879844558,38.7,D,897060da
b1fc4f64df5a0e8b6913ab38803c57a9,15140.34,107,3.813008130081301,15.12,2.8808232609407174,61.35375307241445,65.13667117726658,38.7,D,b1fc4f64
6f892e20a171e98efe17fdb971ff319b,9245.65,41,3.8979591836734695,16.34,1.7260911254785583,64.11960132890367,61.50473612990528,38.6,D,6f892e20
56642bcb79900e777d68e91915cb4267,5870.67,48,3.789473684210526,13.701754385964913,1.0649540915476687,60.5875152998776,69.35878261282434,38.5,D,56642bcb
5343d0649eca2a983820bfe93fc4d17e,23072.45,70,3.5641025641025643,11.173553719008265,4.4346729661874305,53.24985092426954,76.88522573502276,38.5,D,5343d064
609e1a9a6c2539919b8205cf7c4e6ff0,19831.29,87,3.546153846153846,10.195652173913043,3.7997504158625564,52.665474060822895,79.79643466494088,38.5,D,609e1a9a
bf84056e679dbe9c69929847a40e338f,2695.25,35,3.7435897435897436,12.41025641025641,0.4429095874958442,59.093619558735845,73.20356684362096,38.5,D,bf84056e
dd7ddc04e1b6c2c614352b383efe2d36,16014.539999999999,121,3.7662337662337664,14.651612903225807,3.0520734594788963,59.830866807611,66.53105766292724,38.5,D,dd7ddc04
82bd0703a4aefd6b599e5bfdaed378fb,4162.95,20,3.7083333333333335,11.708333333333334,0.7304226467437114,57.94573643410854,75.29318899413622,38.5,D,82bd0703
9d7a1d34a5052409006425275ba1c2b4,2556.23,13,3.75,12.625,0.4156764570900129,59.30232558139535,72.56427604871448,38.4,D,9d7a1d34
f46490624488d3ff7ce78613913a7711,8977.36,80,3.5730337078651684,9.584269662921349,1.6735348274165496,53.5406323490985,81.61651791823144,38.4,D,f4649062
2e1a7d075abe038c1b2743005fe42ff1,2980.61,18,3.7916666666666665,13.666666666666666,0.49880978957186195,60.65891472868217,69.46323861073523,38.4,D,2e1a7d07
244c2f1bff6afe1f2eaf9bfe9b2aed38,5994.22,23,3.8529411764705883,15.264705882352942,1.0891567477240494,62.65389876880986,64.70588235294119,38.4,D,244c2f1b
fb89df7f89fd1b8f03fa2acca1ba7364,3093.69,22,3.8461538461538463,15.038461538461538,0.5209614395955376,62.43291592128802,65.37941084625794,38.3,D,fb89df7f
058cb5aeb36d7c0fcae20fc85d5e0a59,2102.4,11,3.5833333333333335,9.333333333333334,0.326774057636133,53.87596899224807,82.36355435272891,38.2,D,058cb5ae
b33aaadd1a8891d2dfef0c4c3bdf0371,2011.76,16,3.764705882352941,13.235294117647058,0.30901826034089097,59.78112175102599,70.74743293799253,38.2,D,b33aaadd
dd2bdf855a9172734fbc3744021ae9b9,13698.1,105,3.75,14.38135593220339,2.598297653139638,59.30232558139535,67.335611568542,38.2,D,dd2bdf85
270297ead4c65a6cd2593960d2af6b21,11600.289999999999,17,3.736842105263158,14.0,2.187350067924152,58.87392900856794,68.47090663058188,38.1,D,270297ea
1ce3ae5a399804d1a87e706f8a813c3e,5579.71,40,3.7333333333333334,13.244444444444444,1.007956885225696,58.75968992248063,70.72019245226282,38.1,D,1ce3ae5a
3771c85bac139d2344864ede5d9341e3,3321.04,26,3.696969696969697,12.090909090909092,0.5654978530451545,57.57575757575757,74.15426251691474,38.1,D,3771c85b
c273175f7c6c80fb02f051e2fc6d0d72,1443.45,14,3.6,10.066666666666666,0.1976899598018466,54.418604651162795,80.18042399639153,37.9,D,c273175f
f4c4daa86e30c7e5a553a8d518ac03a5,6324.5,18,3.909090909090909,17.363636363636363,1.1538564910015485,64.48202959830867,58.45737483085251,37.9,D,f4c4daa8
dd533b429f380718b70ad9922c294bae,4959.24,39,3.86046511627907,16.325581395348838,0.8864107737100425,62.898864250946474,61.54766025741889,37.8,D,dd533b42
6973a06f484aacf400ece213dbf3d946,20850.39,89,3.6818181818181817,14.747747747747749,3.9993855992648193,57.082452431289646,66.24486462104866,37.7,D,6973a06f
5ab05b6d86d417796c69ffd6774ec832,2710.43,10,3.6666666666666665,12.083333333333334,0.44588325257684336,56.58914728682171,74.17681551646369,37.6,D,5ab05b6d
9d5604a1f112324ad6b2aa552122e0fb,1102.8600000000001,13,3.6470588235294117,11.588235294117647,0.13097055335009822,55.95075239398085,75.65072036933853,37.6,D,9d5604a1
17306570e772e7718c92a562d33f5f1d,11627.01,27,3.6774193548387095,13.516129032258064,2.19258434532628,56.939234808702174,69.9113885372561,37.6,D,17306570
968268a686aa05d1f529fb07dff08130,4880.84,12,3.5,9.0,0.8710527142666735,51.162790697674424,83.35588633288228,37.5,D,968268a6
c679fb69a36e1d8349e8c50a217b4d58,3141.95,14,3.5625,10.058823529411764,0.5304152654722851,53.197674418604656,80.20377298415984,37.5,D,c679fb69
71039d19d4303bf9054d69e9a9236699,4462.25,35,3.6842105263157894,12.921052631578947,0.7890536058176957,57.16034271725826,71.68292856634143,37.5,D,71039d19
11bfa66332777660bd0640ee84d47006,9853.64,76,3.7788461538461537,15.807692307692308,1.8451924846746546,60.241502683363144,63.08941396898095,37.5,D,11bfa663
23613d49c3ac2bd302259e55c06c050c,8690.65,69,3.6707317073170733,13.349397590361447,1.6173701689598103,56.72149744753262,70.40774736292938,37.4,D,23613d49
d2e753bb80b7d4faa77483ed00edc8ca,2455.46,14,3.625,11.75,0.3959362574712846,55.23255813953488,75.16914749661706,37.3,D,d2e753bb
cfa5ab0e4d3fc212fd0b3410e7081c62,10929.31,15,3.65,13.65,2.055909369897216,56.04651162790698,69.5128552097429,37.1,D,cfa5ab0e
0725b8c0f3f906e58f70cbe76b7c748c,9472.36,16,3.575,11.9,1.770502167014352,53.60465116279071,74.72259810554803,37.1,D,0725b8c0
1b8b75e227c9a9c100d0c210fb6176ce,1648.49,15,3.75,14.875,0.23785598669302507,59.30232558139535,65.8660351826793,37.0,D,1b8b75e2
18a349e75d307f4b4cc646a691ed4216,14686.24,109,3.4846153846153847,10.748091603053435,2.791867970210693,50.661896243291594,78.15182472703984,37.0,D,18a349e7
e8f6dc8e6a1dcde89d20e3995c8d90b3,12118.6,35,3.5681818181818183,12.318181818181818,2.288883687695742,53.38266384778013,73.47767253044654,37.0,D,e8f6dc8e
eed78ac17f7f795a19a709745f00cd4e,17683.010000000002,22,3.396551724137931,9.39655172413793,3.378916079880402,47.79470729751404,82.1753534599412,36.9,D,eed78ac1
431af27f296bc6519d890aa5a05fdb11,17234.96,116,3.7099236641221376,16.174242424242426,3.29114594552324,57.99751464583704,61.99819576003608,36.9,D,431af27f
81336a0f57a33776419727a300249e90,2144.66,15,3.8333333333333335,17.055555555555557,0.3350525218207857,62.015503875969,59.374530145842726,36.8,D,81336a0f
8476243f92442881ddd5b578975cf115,8190.04,12,3.8461538461538463,18.076923076923077,1.5193038661798999,62.43291592128802,56.33392318101385,36.8,D,8476243f
be8e909810184b9b19e886129149d8e5,846.08,15,3.7333333333333334,14.933333333333334,0.08066899080075748,58.75968992248063,65.69237708615246,36.7,D,be8e9098
5011f0d93373a4c5753adf58ca77af8d,3137.11,11,3.6818181818181817,14.090909090909092,0.5294671403739953,57.082452431289646,68.20027063599458,36.7,D,5011f0d9
f97e2b0650c2068227e1d366140eb62f,5968.54,16,3.65,13.666666666666666,1.0841261996818845,56.04651162790698,69.46323861073523,36.7,D,f97e2b06
751bdc4d83a466c7206cd42e8f426b03,12425.02,51,3.506666666666667,11.402597402597403,2.3489094093110117,51.379844961240316,76.20336361878987,36.7,D,751bdc4d
5abb8ea023c77787f2c15da891c8d384,2987.2,13,3.923076923076923,19.307692307692307,0.5001007284970126,64.93738819320215,52.66992817737068,36.7,D,5abb8ea0
c4fabeea6e569d42d02993bb1f4f1cbc,1136.52,11,4.0,20.75,0.1375643324427487,67.44186046511628,48.376184032476324,36.7,D,c4fabeea
99002261c568a84cce14d43fcffb43ea,5228.65,36,3.7567567567567566,16.135135135135137,0.9391864726212423,59.5223130106851,62.114618000950884,36.6,D,99002261
aae3bfea055532c57fb453ed3ec80b30,4322.34,48,3.576923076923077,12.169811320754716,0.7616461300942038,53.667262969588556,73.91937089897108,36.6,D,aae3bfea
f12ff17ad8bbf01ec5c33b17e506649b,6728.88,28,3.6666666666666665,14.3,1.2330719511764157,56.58914728682171,67.57780784844385,36.6,D,f12ff17a
5b179e9e8cc7ab6fd113a46ca584da81,6565.92,34,3.5405405405405403,11.81578947368421,1.2011491276191273,52.48271527341295,74.97329250053414,36.5,D,5b179e9e
3c7c4a49ec3c6550809089c6a2ca9370,7778.78,139,3.3934426229508197,8.726775956284152,1.4387406579314308,47.693480747235995,84.16927320186045,36.5,D,3c7c4a49
f63d8f293af3a6454377546bd9dd19ff,5647.19,17,3.8214285714285716,17.821428571428573,1.0211757863894526,61.62790697674419,57.094529286680846,36.5,D,f63d8f29
a8739afb32aaa45e01815ca76f76f54b,712.44,13,3.4375,8.9375,0.05448976804550438,49.12790697674419,83.54194857916103,36.4,D,a8739afb
dd55f1bb788714a40e7954c3be6df745,8252.56,35,3.8157894736842106,18.289473684210527,1.5315511350115254,61.44430844553245,55.70116088597678,36.3,D,dd55f1bb
b17b679f4f5ce2e03ce6968c62648246,4744.24,50,3.8679245283018866,19.07547169811321,0.8442936464099872,63.14172882843352,53.36124798937882,36.3,D,b17b679f
e21a1e8be4715b0fcfd5385643bc49c4,1603.92,20,3.75,16.125,0.22912500825691592,59.30232558139535,62.1447902571042,36.2,D,e21a1e8b
af4a0e4cfe1d9c26b6712b1be25a72e5,14718.28,21,3.5,12.384615384615385,2.798144401646478,51.162790697674424,73.27990007286354,36.2,D,af4a0e4c
2d50d6282f8aa2257819a77bfaa0efe0,4472.11,42,3.6,13.54,0.7909851168650377,54.418604651162795,69.84032476319351,36.1,D,2d50d628
e99e927c81e3f51739c94fcdfca9f10f,4376.79,21,3.6538461538461537,14.615384615384615,0.772312537449962,56.17173524150269,66.63890912876028,36.1,D,e99e927c
710e3548e02bc1d2831dfc4f1b5b14d4,28051.5,131,3.471014492753623,13.776978417266188,5.4100370716913435,50.2190765082575,69.13484097701541,36.1,D,710e3548
0b35c634521043bf4b47e21547b99ab5,33653.27,50,3.5641025641025643,16.72151898734177,6.507388049345445,53.24985092426954,60.36895565338039,36.0,D,0b35c634
d20b021d3efdf267a402c402a48ea64b,8645.1,86,3.669724770642202,15.672727272727272,1.6084472147806592,56.68871346276937,63.49120433017592,36.0,D,d20b021d
2e3be8a987a30d7544dbbda6861cc14e,3052.33,14,3.6,13.533333333333333,0.5128592796646991,54.418604651162795,69.86017140279657,35.9,D,2e3be8a9
8ca1551acf9832a4cf467bbbac15851f,2727.93,11,3.6666666666666665,15.25,0.4493113908454525,56.58914728682171,64.74966170500677,35.8,D,8ca1551a
d93919c944be9cff128f6c9cb899eacb,3624.01,33,4.0,22.575757575757574,0.62484774168747,67.44186046511628,42.94091114118179,35.8,D,d93919c9
218f991754f360af9c2daa5e0b8e990c,5714.92,14,3.5294117647058822,12.882352941176471,1.034443660957047,52.1203830369357,71.79813738756667,35.6,D,218f9917
822bad9bc42b51213ba522fe87b7ab5d,5774.74,18,4.105263157894737,25.526315789473685,1.0461620170272297,70.86903304773563,34.15711131685778,35.6,D,822bad9b
2089a6d640999f9b9141ac719b2af596,8395.23,41,3.8372093023255816,20.186046511627907,1.5594992771133807,62.141698215251495,50.05507127796835,35.5,D,2089a6d6
bc47d5d1490df2b36add65d733eafaba,1676.47,21,3.5454545454545454,12.863636363636363,0.24333709005049278,52.64270613107822,71.85385656292287,35.5,D,bc47d5d1
c4d51195486dc781531876a7d00453d8,12038.35,17,3.9411764705882355,23.11764705882353,2.273163225063977,65.52667578659371,41.32770834991643,35.4,D,c4d51195
ef990a83bbea832f36ebe81376335aa8,6789.81,43,3.659090909090909,16.454545454545453,1.245007749159636,56.342494714587744,61.16373477672531,35.3,D,ef990a83
55bb6fe5bebe5012e2d7d9928e1128ff,2680.56,15,3.6470588235294117,15.705882352941176,0.4400319102863659,55.95075239398085,63.3925017909735,35.2,D,55bb6fe5
821fb029fc6e495ca4f08a35d51e53a5,19465.030000000002,24,3.56,16.0,3.728002420304797,53.116279069767444,62.51691474966171,35.2,D,821fb029
fb3cfbc8a86f5d7fbb4d36b8df63f60d,3623.1800000000003,10,3.25,7.25,0.6246851499867303,43.02325581395349,88.56562922868741,35.2,D,fb3cfbc8
87b740daf17b5d1be335a64164ec6842,13497.14,11,3.75,19.583333333333332,2.5589308721990838,59.30232558139535,51.849345963013086,35.1,D,87b740da
88460e8ebdecbfecb5f9601833981930,58357.94,246,3.3917197452229297,17.793650793650794,11.346875171651781,47.63738705376981,57.177223618360294,35.0,D,88460e8e
08d0949a9a17c027262db1f3c450c26c,862.85,12,3.5384615384615383,13.461538461538462,0.08395412673016181,52.41502683363149,70.07390444467575,35.0,D,08d0949a
66dc1b1632bd6a3e508510c5b3492107,5064.39,36,3.340909090909091,9.795454545454545,0.907008987364,45.9830866807611,80.98782138024357,35.0,D,66dc1b16
850913d59ce317156b00f3705f1c3edb,2868.1,29,3.5,13.066666666666666,0.4767697989089352,51.162790697674424,71.24943617501128,34.9,D,850913d5
7b7f91e98f8c6def45a1407923304402,1138.4099999999999,11,3.5,13.142857142857142,0.13793457137575849,51.162790697674424,71.02261743669052,34.7,D,7b7f91e9
62c50c1af4dfdc4149d25c5222043d39,5169.7,12,3.4705882352941178,13.0,0.9276385439964131,50.20519835841314,71.44790257104195,34.7,D,62c50c1a
3f8034bfc6b8b4135534975d49f04c63,2252.41,11,3.357142857142857,10.142857142857142,0.3561600588746507,46.51162790697675,79.95360525807075,34.7,D,3f8034bf
f5f1f2c5f923f36ad79ea1d07185ddc9,2020.09,10,3.4545454545454546,12.363636363636363,0.3106500541567489,49.68287526427061,73.34235453315291,34.7,D,f5f1f2c5
07bf9669d84d1f11be443a9dd938f698,3807.7599999999998,18,3.25,8.291666666666666,0.6608431935078661,43.02325581395349,85.46459179070817,34.6,D,07bf9669
a6bd7d1ccdac48c6b33b28596b7eb122,15797.61,15,3.5,15.333333333333334,3.009578257501217,51.162790697674424,64.50157870996843,34.6,D,a6bd7d1c
df560393f3a51e74553ab94004ba5c87,4159.29,26,3.675675675675676,17.64864864864865,0.7297056761115338,56.88246385920805,57.608894415389685,34.6,D,df560393
c9a06ece156bb057372c68718ec8909b,4290.26,11,3.3636363636363638,10.909090909090908,0.7553618629138048,46.723044397463006,77.67253044654939,34.5,D,c9a06ece
04aa0a1c5ce6b222003403a3e11c3cc0,14477.19,11,3.5294117647058822,15.882352941176471,2.7509164099219645,52.1203830369357,62.86714956618643,34.5,D,04aa0a1c
f08a5b9dd6767129688d001acafc21e5,48401.479999999996,11,3.4444444444444446,18.77777777777778,9.396468226173127,49.35400516795866,54.24748158171704,34.3,D,f08a5b9d
fcdd820084f17e9982427971e4e9d47f,18021.22,16,3.259259259259259,10.74074074074074,3.4451692595276198,43.32472006890612,78.17370821430362,34.3,D,fcdd8200
8e6d7754bc7e0f22c96d255ebda59eba,75793.23,84,3.029850746268657,13.477611940298507,14.76233716441171,35.8556056924679,70.02605376365803,34.3,D,8e6d7754
c37b2059d4f90d4feead554e5246565e,3059.6,12,3.75,19.75,0.5142834262482869,59.30232558139535,51.35317997293641,34.2,D,c37b2059
ed8cb7b190ceb6067227478e48cf8dde,1060.66,15,3.176470588235294,6.882352941176471,0.12270384278236639,40.62927496580027,89.66011303032715,34.2,D,ed8cb7b1
ede0c03645598cdfc63ca8237acbe73d,3599.87,43,3.6666666666666665,18.04255319148936,0.6201188698129428,56.58914728682171,56.4362421904241,34.2,D,ede0c036
d3f39f05462b79a4562d35893a28f159,4076.96,33,3.3684210526315788,11.605263157894736,0.7135777547598428,46.87882496940024,75.60002848799944,34.2,D,d3f39f05
49067458c68f7701fd334ce326accbe0,4079.88,17,3.3684210526315788,11.736842105263158,0.7141497641166621,46.87882496940024,75.20831849583364,34.1,D,49067458
dc8798cbf453b7e0f98745e396cc5616,3222.2400000000002,35,3.3653846153846154,11.903846153846153,0.5461435638486639,46.77996422182469,74.71114812116166,33.9,D,dc8798cb
f593898ec748b7a8cb81fc04edafd98a,3775.65,19,3.5833333333333335,16.791666666666668,0.6545530495190067,53.87596899224807,60.16012629679748,33.8,D,f593898e
52f0fe436a347ddad7ed5f9aa4e27eaa,2295.53,19,3.5,14.818181818181818,0.3646069915685038,51.162790697674424,66.03518267929635,33.8,D,52f0fe43
2a61c271b1ac763450d846849783e922,4220.84,17,3.6818181818181817,19.363636363636363,0.7417629281362705,57.082452431289646,52.503382949932345,33.6,D,2a61c271
014c0679dd340a0e338872e7ec85666a,8423.67,14,3.625,18.75,1.565070491533909,55.23255813953488,54.33017591339649,33.6,D,014c0679
9d39404483343dd55c7ae254494d8388,434.28,10,3.642857142857143,18.142857142857142,0.0,55.81395348837209,56.13763773439011,33.6,D,9d394044
a23266650e7c84bb93fbbba502137478,3420.7400000000002,11,3.25,10.125,0.5850284464954594,43.02325581395349,80.00676589986469,33.4,D,a2326665
c4fb51fb1c5b7c07bc5e67be6e7e8f6e,2286.05,15,3.5,15.5,0.36274992009499435,51.162790697674424,64.00541271989175,33.4,D,c4fb51fb
02dcd3e8e25bee036e32512bcf175493,2392.71,13,3.588235294117647,17.58823529411765,0.38364393310812883,54.035567715458285,57.78874472657805,33.3,D,02dcd3e8
2a261b5b644fa05f4f2700eb93544f2c,17055.5,51,3.3452380952380953,14.380952380952381,3.2559908773126907,46.124031007751945,67.33681293897803,33.2,D,2a261b5b
82e0a475a88cc9595229d8029273f045,32894.03,41,3.2386363636363638,14.397727272727273,6.358657780827798,42.65327695560254,67.28687415426252,33.1,D,82e0a475
e7d5b006eb624f13074497221eb37807,19037.28,28,3.140625,10.4375,3.6442089263392208,39.46220930232558,79.07645466847092,33.1,D,e7d5b006
7f152321c60a266edc53af1925ef96c1,4756.93,20,3.8,23.1,0.8467795363887672,60.93023255813953,41.38024357239514,33.0,D,7f152321
082e0bf4cb865a6533b1e8e498cc0255,9205.03,11,3.3043478260869565,12.73913043478261,1.7181339268230782,44.79271991911021,72.22451020768371,33.0,D,082e0bf4
e0878efa0e0b7e5313ac0b43bc04c081,6161.68,26,3.5517241379310347,18.0,1.1219610925504089,52.84683239775462,56.56292286874155,32.9,D,e0878efa
95f83f51203c626648c875dd41874c7f,7380.6,50,3.2058823529411766,10.573529411764707,1.360739738171728,41.58686730506157,78.67149566186421,32.9,D,95f83f51
cee48807215b30a12ca2ca10ffb5f250,8658.25,39,3.761904761904762,22.857142857142858,1.6110232158224997,59.68992248062016,42.10322830079258,32.9,D,cee48807
d71d863e5ef30d94e440c11be17dcd8f,12028.29,23,3.5714285714285716,19.333333333333332,2.271192535293565,53.48837209302326,52.59359494812811,32.8,D,d71d863e
2aa3443d7bf9d9bb11133f420d75e083,781.12,10,3.1818181818181817,9.727272727272727,0.06794374154768025,40.80338266384778,81.19079837618403,32.6,D,2aa3443d
66e0557ecc2b4dbea057e93f215f68d8,12628.42,30,4.03030303030303,30.03030303030303,2.3887541706730175,68.42847075405216,20.748759585024814,32.5,D,66e0557e
4e5725ba188db8252977a4f0227bd462,2647.75,21,3.6,19.56,0.43360464076676214,54.418604651162795,51.91880920162383,32.3,D,4e5725ba
712e6ed8aa4aa1fa65dab41fed5737e4,49739.95,77,3.4545454545454546,22.910112359550563,9.65866595350943,49.68287526427061,41.945538307156646,32.1,D,712e6ed8
7fc87cc3e89b3d1d5cabdca32f8485aa,2835.82,14,3.5714285714285716,19.357142857142858,0.4704463530054665,53.48837209302326,52.522714092402865,32.1,D,7fc87cc3
b2479f944e1b90cf8a5de1bbfde284d6,11056.31,101,3.3286713286713288,15.333333333333334,2.080787859046551,45.58464791022931,64.50157870996843,32.0,D,b2479f94
557f22c76691849db52d2abccf0015d0,1246.52,12,3.3076923076923075,13.5,0.15911263013114924,44.901610017889084,69.95940460081192,32.0,D,557f22c7
6fd52c528dcb38be2eea044946b811f8,14977.21,67,3.5294117647058822,20.213483146067414,2.848867135468819,52.1203830369357,49.97339252862205,32.0,D,6fd52c52
c60b801f2d52c7f7f91de00870882a75,12547.08,39,3.317073170731707,15.463414634146341,2.3728201840005223,45.207033465683494,64.11432720551834,31.9,D,c60b801f
4c8b8048e33af2bf94f2eb547746a916,3893.26,19,3.4782608695652173,18.608695652173914,0.677592097620214,50.45500505561172,54.7508383832441,31.4,D,4c8b8048
099095b050cfe8eb1ddff5317587e96e,6323.81,16,3.0526315789473686,10.0,1.1537213244069577,36.59730722154224,80.37889039242219,31.2,D,099095b0
a7f13822ceb966b076af67121f87b063,18369.46,73,3.488095238095238,21.423529411764704,3.513387252136788,50.775193798449614,46.371089707872336,31.0,D,a7f13822
f76a3b1349b6df1ee875d1f3fa4340f0,4933.75,24,3.36,17.08,0.8814174454547942,46.604651162790695,59.30175913396483,30.9,D,f76a3b13
e48cc16ab70bfa09e1401740dce0b3d7,2088.15,14,3.235294117647059,14.176470588235293,0.32398257361740834,42.54445964432285,67.94555440579481,30.7,D,e48cc16a
63ffcb71394dd8ea3872ed9ffda17c74,663.72,17,3.176470588235294,12.764705882352942,0.04494583110569645,40.62927496580027,72.14837220409137,30.7,D,63ffcb71
cb5df0dcb9e280b1780e9d589889f2c7,2405.34,11,3.5,20.307692307692307,0.38611806946998795,51.162790697674424,49.69293223691059,30.6,D,cb5df0dc
5f67c6082caacb26e431a7b17940cece,2062.05,13,3.5714285714285716,21.857142857142858,0.318869750256797,53.48837209302326,45.080224241252665,30.5,D,5f67c608
f08c008c8a8d31417763738a1788a2a8,3228.59,20,3.380952380952381,18.09090909090909,0.5473874883061307,47.286821705426355,56.29228687415427,30.4,D,f08c008c
9803a40e82e45418ab7fb84091af5231,21265.2,11,3.111111111111111,15.277777777777779,4.0806442298477785,38.50129198966409,64.66696737332732,30.0,D,9803a40e
e64d65bc8dbec2accda90c58de5d1246,1899.96,12,3.0833333333333335,13.0,0.2871173541448621,37.59689922480621,71.44790257104195,29.4,D,e64d65bc
cac4c8e7b1ca6252d8f20b2fc1a2e4af,7016.7,74,3.4623655913978495,21.98936170212766,1.2894540515461923,49.93748437109278,44.68660927648058,29.4,D,cac4c8e7
7586919161935337bf6b6d7ff5779648,4073.21,11,3.1666666666666665,15.5,0.7128431537022836,40.310077519379846,64.00541271989175,29.2,D,75869191
b19f3ca2ea475913750f25a5c37c8d8f,5218.15,19,3.263157894736842,18.0,0.9371295896600768,43.45165238678091,56.56292286874155,29.1,D,b19f3ca2
e81e1f9c3e762e620f3fb60a51499e16,5527.91,17,3.823529411764706,30.444444444444443,0.9978095959506127,61.69630642954858,19.515862276349438,29.0,D,e81e1f9c
8f78f0903005064036736c7173a5c2ed,4275.12,13,3.260869565217391,17.869565217391305,0.7523960335774195,43.37714863498483,56.95122668706243,29.0,D,8f78f090
bbad7e518d7af88a0897397ffdca1979,10787.34,68,3.0714285714285716,14.717647058823529,2.028098353326105,37.209302325581405,66.3344742497811,29.0,D,bbad7e51
bb135baca94c82fcb731335ad5b04a03,4092.76,18,2.760869565217391,7.456521739130435,0.7166728738823585,27.09807886754297,87.95081484967936,28.7,D,bb135bac
1dfe5347016252a7884b694d4f10f5c4,3486.7,20,3.259259259259259,18.962962962962962,0.5979495893638856,43.32472006890612,53.6961860371874,28.3,D,1dfe5347
c6381d2d013342748761e906d45aff76,8557.54,15,3.096774193548387,16.161290322580644,1.5912947698206927,38.03450862715679,62.03675411410364,28.3,D,c6381d2d
8444e55c1f13cd5c179851e5ca5ebd00,28681.53,92,3.185185185185185,21.083333333333332,5.533455926169735,40.9130060292851,47.38385205232297,28.1,D,8444e55c
ec4608a1f76453166bb312b2968aeaf4,7917.58,17,3.033333333333333,15.233333333333333,1.4659306917418853,35.968992248062015,64.79927830401444,27.9,D,ec4608a1
f9903dd0f812c7e771fcad47b6fff231,3539.26,10,2.933333333333333,12.866666666666667,0.6082457577866341,32.71317829457364,71.8448353631033,27.7,D,f9903dd0
86bb7c4b535e49a541baf3266b1c95b1,8487.22,16,3.2,19.8125,1.577519530789344,41.39534883720931,51.16711772665765,27.4,D,86bb7c4b
d32e3909cfb714fb2a6cb092c85b9c5f,4086.88,10,3.357142857142857,22.714285714285715,0.7155210194241057,46.51162790697675,42.52851343514402,27.4,D,d32e3909
835f0f7810c76831d6c7d24c7a646d4d,7550.45,42,3.1538461538461537,18.942307692307693,1.394012268738772,39.89266547406082,53.75767669407724,27.3,D,835f0f78
602044f2c16190c2c6e45eb35c2e21cb,6101.83,48,3.0,15.448275862068966,1.1102368596717653,34.883720930232556,64.15939526853623,27.2,D,602044f2
d9e7e7778b32987280a6f2cb9a39c57d,1203.17,11,3.1538461538461537,18.46153846153846,0.15062064190576596,39.89266547406082,55.18892474237536,27.1,D,d9e7e777
2eb70248d66e0e3ef83659f71b244378,46849.51,187,2.815,17.497536945812808,9.092447211959792,28.860465116279073,58.058753341287996,26.8,D,2eb70248
adcf50477d6a1f5d91bb9d54c4903cb5,3332.29,16,3.3548387096774195,24.0,0.5677016562178319,46.43660915228808,38.70094722598106,26.5,D,adcf5047
a49928bcdf77c55c6d6e05e09a9b4ca5,12320.789999999999,96,2.962962962962963,16.62962962962963,2.3284914177831753,33.67786391042205,60.64250989826092,26.5,D,a49928bc
ad781527c93d00d89a11eecd9dcad7c1,9028.47,38,3.3421052631578947,25.026315789473685,1.6835469500970417,46.022031823745415,35.64560928708782,26.2,D,ad781527
c26a2be5b53b7db6b276280da212a779,15616.89,13,2.7222222222222223,12.944444444444445,2.9741763633353284,25.83979328165375,71.61329123440083,25.8,D,c26a2be5
972d0f9cf61b499a4812cf0bfa3ad3c4,11667.4,81,2.9318181818181817,17.5,2.20049648845023,32.66384778012685,58.05142083897159,25.6,D,972d0f9c
2709af9587499e95e803a6498a5a56e9,5836.56,25,2.652173913043478,11.72340425531915,1.0582721603281111,23.55915065722952,75.24832292056546,24.9,D,2709af95
66fd84ee7528c0c0de85d0f44a73d5ab,4309.8,11,2.8181818181818183,16.045454545454547,0.7591896241577262,28.96405919661734,62.38159675236807,24.4,D,66fd84ee
5058e8c1e82653974541e83690655b4a,23762.37,62,3.0657894736842106,26.076923076923077,4.5698238892890775,37.025703794369655,32.517955657333204,23.1,D,5058e8c1
c6a7539d424a8402232c2228d7a03c5e,2001.7600000000002,10,2.6,13.2,0.30705932418740006,21.860465116279073,70.85250338294993,23.0,D,c6a7539d
054694fa03fe82cec4b7551487331d74,9830.95,20,3.2857142857142856,29.714285714285715,1.840747658542384,44.18604651162791,21.68954185192345,22.7,D,054694fa
5b0cc932433fa5184b5b94bfe6bcc256,3230.73,12,2.4482758620689653,11.137931034482758,0.5478067006429777,16.920609462710498,76.99127432224348,22.4,D,5b0cc932
91f0eec23d4a61d7d7caeefa3f0ad1ca,2545.26,11,3.3333333333333335,30.333333333333332,0.4135275041296334,45.73643410852714,19.846639603067217,22.4,D,91f0eec2
54965bbe3e4f07ae045b90b0b8541f52,14823.73,73,3.0641025641025643,26.602409638554217,2.81880138338504,36.97078115682768,30.953584296590975,22.1,D,54965bbe
2a1348e9addc1af5aaa619b1a3679d6b,4479.78,48,3.04,26.784313725490197,0.7924876208947653,36.186046511627914,30.41205656822946,20.9,D,2a1348e9
5bc55dbe2f12b6af6d83ed46023e0dc8,5605.26,17,2.3333333333333335,12.523809523809524,1.0129619670978651,13.178294573643415,72.86551968554674,20.2,D,5bc55dbe
1ca7077d890b907f89be8c954a02686a,20147.47,108,2.2598425196850394,14.4140625,3.8616880591636336,10.785570408350118,67.23824424898513,19.3,D,1ca7077d
cb41bfbcbda0aea354a834ab222f9a59,4650.66,11,3.272727272727273,37.0,0.8259619218856188,43.7632135306554,0.0,17.8,D,cb41bfbc
40db9e9aa57f7bb151bcda6b0f9bdbb7,23823.989999999998,12,2.0714285714285716,13.75,4.581894853866889,4.65116279069768,69.21515561569689,17.5,D,40db9e9a
02d35243ea2e497335cd0f076b45675d,8408.63,14,2.6875,25.4375,1.5621242515590585,24.709302325581397,34.42151556156969,17.4,D,02d35243
26e2c91ef821e1ff8985f408788fe35b,2593.49,12,2.5555555555555554,23.5,0.4229754531979202,20.413436692506455,40.1894451962111,16.4,D,26e2c91e
b1b3948701c5c72445495bd161b83a4c,21924.25,14,1.9285714285714286,22.928571428571427,4.209747917043599,0.0,41.89058573361687,10.1,D,b1b39487
ecccfa2bb93b34a3bf033cc5d1dcdc69,1494.6,12,2.3333333333333335,35.55555555555556,0.20770991822695278,13.178294573643415,4.300105247331217,6.2,D,ecccfa2b
